epoch,lr,train_total,train_main,train_nonneg,train_smooth,train_anom,train_grad,train_pattern,train_spectral,train_var,train_rmse
1,0.0001,2.4124215082688765,0.9083522666584362,0.0,0.0,0.0157228685407476,0.0040540877715543365,0.8818495580644319,0.6024427260413314,0.0,3.9069884522607374
2,0.0001,2.0025576642065337,0.8283972866607435,0.0,0.0,0.012953358081479868,0.0008225987090334071,0.7523319378043666,0.40805248058203497,0.0,3.7851562009084243
3,0.0001,1.832044005393982,0.7523932872396527,0.0,0.0,0.012481365804419373,0.0006033449820031158,0.7003620375286449,0.3662039637565613,0.0,3.658499679820936
4,0.0001,1.684350609779358,0.647597250161749,0.0,0.0,0.012552798189448587,0.0005767693598472485,0.6659135547551241,0.35771022962801385,0.0,3.501542625181858
5,0.0001,1.56160328243718,0.5588431509606766,0.0,0.0,0.013382223872185656,0.000605111162947265,0.6389127156951211,0.34986007755452936,0.0,3.3269613903767206
6,0.0001,1.4182080174937393,0.46194898585478467,0.0,0.0,0.0129593717018989,0.000614498959762524,0.6027930396975894,0.3398921146537318,0.0,3.088511882606525
7,0.0001,1.3448203982728901,0.4288652893720251,0.0,0.0,0.013678801302431208,0.0006199405567410091,0.5631288895101259,0.3385274789550088,0.0,3.033221354241398
8,0.0001,1.2654343753150015,0.3691296157511798,0.0,0.0,0.014137259628059286,0.0006179128108532027,0.5480317057985248,0.33351787202286,0.0,2.8628807734549184
9,0.0001,1.1913520982771209,0.3221376158974387,0.0,0.0,0.01379315708905007,0.0005915423407162907,0.528337816397349,0.3264919609734506,0.0,2.72559969786441
10,0.0001,1.1371678547425703,0.2946100142417532,0.0,0.0,0.013038102226952711,0.0005630073234594116,0.5068826558011951,0.32207407012130274,0.0,2.6891202382807484
11,0.0001,1.0782356840191465,0.24476986852559177,0.0,0.0,0.012754351239312779,0.0005672699180925547,0.5006792166016318,0.3194649833621401,0.0,2.442472217258413
12,0.0001,1.0273971936919473,0.21441129911126514,0.0,0.0,0.012487551902957035,0.000559540717707326,0.48429445425669354,0.3156443400816484,0.0,2.350571864004847
13,0.0001,0.9777212486122594,0.18112247933944067,0.0,0.0,0.012058987663212147,0.0005384763573987805,0.4728896383083228,0.3111116723580794,0.0,2.2151823666961317
14,0.0001,0.9631633830792976,0.17158765684474597,0.0,0.0,0.01161706502634016,0.0005142510935635955,0.46919568289409985,0.31024873527613556,0.0,2.1389655383148463
15,0.0001,0.947500675013571,0.15962036461992699,0.0,0.0,0.011830795062423655,0.000497897424572853,0.4698456823825836,0.3057059347629547,0.0,2.1048490564120157
16,0.0001,0.9469467907240896,0.16082621015834087,0.0,0.0,0.011969352098689838,0.0004905697229939202,0.4705121607491464,0.3031484958800403,0.0,2.150509777039292
17,0.0001,0.9000783689094313,0.14356943705316746,0.0,0.0,0.011063872483756506,0.0004637022873132744,0.44602880875269574,0.2989525551145727,0.0,2.0000017650688826
18,0.0001,0.8871193383679246,0.13426514116652083,0.0,0.0,0.011157606897706335,0.000463288349706228,0.44276434363740863,0.29846895011988556,0.0,1.9850814334650615
19,0.0001,0.8748934828873837,0.1312657417447278,0.0,0.0,0.011123267693840193,0.00045751207367037284,0.43670590899207373,0.29534105279228906,0.0,1.9560748152035983
20,0.0001,0.8519009496226455,0.11711391761447444,0.0,0.0,0.01087416247041388,0.0004348011376957099,0.42880994442737463,0.2946681289961844,0.0,1.9120871357168585
21,0.0001,0.833549293604764,0.10593195643388864,0.0,0.0,0.010719331531700764,0.0004189927272047057,0.42621785311987903,0.29026116746844666,0.0,1.8438720619319633
22,0.0001,0.8164491165768016,0.10918955866134528,0.0,0.0,0.01046516266510342,0.00041883704111431587,0.4097200198607011,0.2866555384614251,0.0,1.862178479977343
23,0.0001,0.8025168469457915,0.09908220273527232,0.0,0.0,0.009961420761872872,0.000413875857537443,0.40701638207291113,0.28604296617435687,0.0,1.8106785231262126
24,0.0001,0.791581058140957,0.09214989174947594,0.0,0.0,0.010245987884418079,0.0004027445040375107,0.40662951812599646,0.282152919606729,0.0,1.7693883208952013
25,0.0001,0.7838433348771298,0.09397427173274936,0.0,0.0,0.009885842784900557,0.00040196930058300495,0.40134002223159326,0.27824122842514154,0.0,1.8173638957178773
26,0.0001,0.7765380631793629,0.08796205614326578,0.0,0.0,0.010173831755916277,0.0004024821524084969,0.39901641191858234,0.27898327645027277,0.0,1.74809412526102
27,0.0001,0.767935138760191,0.08709349799336809,0.0,0.0,0.00968364088542082,0.0003913444944015337,0.39359267101143347,0.2771739819736192,0.0,1.7098214939651368
28,0.0001,0.7509207147540469,0.07767830128696832,0.0,0.0,0.009486633522266691,0.00038011002647126037,0.3869496060140205,0.2764260665033803,0.0,1.6775333649482562
29,0.0001,0.720833836179791,0.07147888573959019,0.0,0.0,0.00926705209933447,0.0003832411118006955,0.3683166169758999,0.27138804441148584,0.0,1.6181370988188541
30,0.0001,0.729041003819668,0.07305607165802609,0.0,0.0,0.009209189733321016,0.00038708174234312594,0.37534781477668067,0.2710408509680719,0.0,1.624355216863246
31,0.0001,0.7202848177967649,0.07116117260672829,0.0,0.0,0.00959406141191721,0.0003765674826519733,0.3668205367796349,0.2723324836203546,0.0,1.6519872570882748
32,0.0001,0.701931478399219,0.07272319145726436,0.0,0.0,0.008750976740636608,0.0003688524681792566,0.35453955693678424,0.2655489038337361,0.0,1.6575399772491026
33,0.0001,0.7005910710854963,0.06419910942063187,0.0,0.0,0.008918896134039669,0.0003689835289013431,0.36034501772938354,0.2667590695800203,0.0,1.5843164211442924
34,0.0001,0.6948113495653326,0.06406288842360179,0.0,0.0,0.008916339223188434,0.00036379444601621026,0.35586452077735553,0.2656038042270776,0.0,1.6156398681121455
35,0.0001,0.6773369005232146,0.05887690976713643,0.0,0.0,0.008786582945366248,0.0003660563300152055,0.3465103999231801,0.26279694699879846,0.0,1.5023588702492714
36,0.0001,0.6687604676593434,0.06036767448213967,0.0,0.0,0.008478051143218621,0.0003567358358078777,0.3405447475837939,0.25901326130736957,0.0,1.614125777801758
37,0.0001,0.6592054096135226,0.05130496406645486,0.0,0.0,0.008760909881499229,0.0003557432024866681,0.3384907968116529,0.26029299109271076,0.0,1.4084736240377032
38,0.0001,0.6505073074138525,0.05282386731017719,0.0,0.0,0.008082128525006048,0.00035329394053075123,0.33096815465074597,0.2582798618258852,0.0,1.4065821133025997
39,0.0001,0.645686975031188,0.052546051359086327,0.0,0.0,0.008442383248951624,0.00035825962373619956,0.3241370970552618,0.2602031858581485,0.0,1.4356188424953056
40,0.0001,0.6511341983621771,0.053025509202570625,0.0,0.0,0.008330905802943038,0.0003455212263912527,0.33158220892602747,0.25785004686225543,0.0,1.4239237139292624
41,0.0001,0.6410084402922428,0.052161666987971825,0.0,0.0,0.00827171676086657,0.00035567552417474377,0.3242464264233907,0.2559729570692236,0.0,1.4675534082674058
42,0.0001,0.6359939448761217,0.05195660451709321,0.0,0.0,0.008416566821379643,0.00034920574266421187,0.3179248151454059,0.25734675336967816,0.0,1.4295170339721712
43,0.0001,0.621792916095618,0.04719380904553515,0.0,0.0,0.007978303273293104,0.00034585609771029067,0.3143580181129051,0.25191693007946014,0.0,1.3781363699556082
44,0.0001,0.626153697570165,0.05079927645397909,0.0,0.0,0.007808965786049764,0.00034573904915966773,0.31327381549459515,0.2539258969552589,0.0,1.39001813961337
45,0.0001,0.6185519586909901,0.045776422022644314,0.0,0.0,0.007817031815648079,0.0003440283171860783,0.3141496095693473,0.25046486565561005,0.0,1.4360679118485085
46,0.0001,0.6100824159203153,0.04628016339671431,0.0,0.0,0.007753589388095971,0.00034131033515388316,0.3043086248816866,0.25139872413693054,0.0,1.3240446318310735
47,0.0001,0.6048179792635369,0.047053919822880715,0.0,0.0,0.007586685898290439,0.0003296421976604809,0.30085866243550274,0.2489890641335285,0.0,1.4160068797430927
48,0.0001,0.610554469354225,0.04252479106865146,0.0,0.0,0.007686639359841744,0.0003387598333188869,0.3083004919868527,0.25170378025734064,0.0,1.3556950372451408
49,0.0001,0.601797075885715,0.043898808882769313,0.0,0.0,0.0073955821466039524,0.00033366731121063685,0.29818386381322687,0.25198515075625794,0.0,1.28208894368627
50,0.0001,0.6082329108859553,0.04532135565849868,0.0,0.0,0.007697947062269756,0.00033612667925119626,0.30369078932386456,0.25118669867515564,0.0,1.29548383446114
51,0.0001,0.5838193080642007,0.03918612468987703,0.0,0.0,0.007461901810584646,0.0003336051269081619,0.2875322686000304,0.24930540810931812,0.0,1.2819079846135841
52,0.0001,0.5929885326009808,0.04454920090960734,0.0,0.0,0.007638913219455968,0.00032994647732597184,0.2946429184891961,0.24582755114092972,0.0,1.3603905216931504
53,0.0001,0.5908134390007366,0.04421770197311134,0.0,0.0,0.007549446160820397,0.0003277933265604643,0.2924122160131281,0.24630628164970514,0.0,1.3368266133814988
54,0.0001,0.5813287451411738,0.03851099357460484,0.0,0.0,0.007548804634786917,0.000324872601953702,0.29040664569898084,0.24453742576367926,0.0,1.1800239467354912
55,0.0001,0.5833854223742629,0.04317156637482571,0.0,0.0,0.0073240793126663475,0.000325456782417005,0.28693456135012885,0.24562976170669903,0.0,1.2980946151348673
56,0.0001,0.5735103162852201,0.03500222962236765,0.0,0.0,0.006997844331305136,0.00032022822724133164,0.2897894802418622,0.24140053806882916,0.0,1.292479847162046
57,0.0001,0.5612649276401057,0.035029297271235424,0.0,0.0,0.006936387751590122,0.00032273045640481126,0.2775929674054637,0.24138354352026276,0.0,1.1325520838655225
58,0.0001,0.578210531762152,0.04147392215037888,0.0,0.0,0.0073874127825326995,0.00032977575425651264,0.2830121932607709,0.24600722573020242,0.0,1.2377088596820993
59,0.0001,0.566408016464927,0.036617861609115746,0.0,0.0,0.0071249503261325035,0.0003184699634210009,0.2804925897807786,0.2418541434136304,0.0,1.208498821261588
60,0.0001,0.5555942609454646,0.038468886731248916,0.0,0.0,0.006548385601490736,0.00031755762359931725,0.2715467792568785,0.2387126526146224,0.0,1.248827896858137
61,0.0001,0.5688602806943835,0.037541524450661556,0.0,0.0,0.007246425474119006,0.0003161804709110804,0.28203986133589887,0.2417162891590234,0.0,1.2960181111003681
62,0.0001,0.5641722209525831,0.038427878227649315,0.0,0.0,0.007011396986799258,0.00031416314154877466,0.2767209221016277,0.2416978586803783,0.0,1.244952473578199
63,0.0001,0.554143569686196,0.0335750178095292,0.0,0.0,0.006718720252992529,0.0003148430749371817,0.2737844062573982,0.23975058486967377,0.0,1.1893459357805276
64,0.0001,0.5530312765728344,0.03412855309293126,0.0,0.0,0.006683048919181932,0.00031461702372215575,0.27411903711882507,0.2377860230026823,0.0,1.0817520195453099
65,0.0001,0.5437029771732561,0.03394894804241079,0.0,0.0,0.0067108460264562655,0.00030778394085990095,0.265172748854666,0.23756264601693008,0.0,1.1308042285947102
66,0.0001,0.5471349421775702,0.033619549605205204,0.0,0.0,0.006622810897445588,0.0003113149119378773,0.26850760479768115,0.23807367050286496,0.0,1.2002687359569981
67,0.0001,0.5375231630874403,0.03260674635230592,0.0,0.0,0.006525365261812553,0.0003092939318087178,0.2639250972054221,0.23415665599432858,0.0,1.17769815075479
68,0.0001,0.5399001556815524,0.03455110831242619,0.0,0.0,0.006586927913524436,0.00031044723238499665,0.2630782723426819,0.23537340173215576,0.0,1.2549000850439744
69,0.0001,0.5346614393320951,0.03235118045951381,0.0,0.0,0.006547639241696082,0.0003122045856082078,0.26209824961243255,0.23335216668519107,0.0,1.076638251396137
70,0.0001,0.5292173759503798,0.030461392054955166,0.0,0.0,0.006406511737485275,0.00030748224702564943,0.2601058288957133,0.23193616352298044,0.0,1.171990239393139
71,0.0001,0.5299384783614766,0.03445681373616963,0.0,0.0,0.006391075750192006,0.00030418931882278145,0.2564767969377113,0.2323095965566057,0.0,1.1041081956508487
72,0.0001,0.5312337279319763,0.03439896497311014,0.0,0.0,0.006512445334175771,0.0003080416733582476,0.2568383076877305,0.23317596451802688,0.0,1.0800948810046556
73,0.0001,0.5259457655025251,0.03302160896022211,0.0,0.0,0.006288671393342542,0.0003091730340560334,0.2534370106278044,0.23288930049448303,0.0,1.186295056046582
74,0.0001,0.5348362769141342,0.03006030082928412,0.0,0.0,0.006415297234938903,0.00030377926459274903,0.26434607578046393,0.23371082454016714,0.0,1.1271710394814969
75,0.0001,0.522214336828752,0.03055646541443738,0.0,0.0,0.006315896379281626,0.0003041235490165877,0.2539513779409004,0.23108647492798892,0.0,1.1235111135010936
76,0.0001,0.5206390790867083,0.0293662566973856,0.0,0.0,0.006324770359435316,0.00030610382567498493,0.2525258488727338,0.2321161027207519,0.0,1.0615388834930386
77,0.0001,0.5274263566190546,0.03258620323895505,0.0,0.0,0.006409671228153236,0.0003023219006453556,0.25585370578549127,0.23227445555455756,0.0,1.1721812103077212
78,0.0001,0.5180686152342594,0.028753816093685047,0.0,0.0,0.0063372053431742115,0.00029806889572434807,0.25256302772146283,0.2301164987412366,0.0,1.01480036267978
79,0.0001,0.5170084075494246,0.027525373395871033,0.0,0.0,0.006077470420154206,0.00030315875527307844,0.25086091684572626,0.23224148967049338,0.0,0.9757817053735215
80,0.0001,0.5149975870594834,0.029843027534132652,0.0,0.0,0.006199452101789189,0.000300416554444272,0.2499462366104126,0.2287084564115062,0.0,0.9968325278947249
81,0.0001,0.5112689616102161,0.02860949154604565,0.0,0.0,0.006157520890348788,0.000294067448879959,0.248249427838759,0.22795845161784778,0.0,1.0165052298842614
82,0.0001,0.5089652312524391,0.027144333996781796,0.0,0.0,0.006020340193627459,0.0002964754799684284,0.24708178052396484,0.22842230354294632,0.0,1.0354378282562071
83,0.0001,0.5073674366329656,0.028771774166009643,0.0,0.0,0.005911685237096566,0.00029452514233222854,0.24311973335164966,0.22926971993663095,0.0,1.0889321750158412
84,0.0001,0.5035555895530817,0.027248058919653748,0.0,0.0,0.006122887332105275,0.00029629373404366726,0.2416449369806232,0.22824341374816318,0.0,1.0298738483729521
85,0.0001,0.5113748239748406,0.02769207615743984,0.0,0.0,0.006069271684144483,0.0002997978083316632,0.2478101709575364,0.2295035028999502,0.0,1.082261490542854
86,0.0001,0.5047491346344803,0.03134536060194174,0.0,0.0,0.00610230588989163,0.0002929916156448819,0.23852150638898215,0.22848697187322559,0.0,1.1557706804254966
87,0.0001,0.5021547467419596,0.029245200764500733,0.0,0.0,0.0059027598295925245,0.00029441170353851646,0.24120272334777948,0.22550964626398953,0.0,0.980062507120123
88,0.0001,0.5030185228044336,0.027685462299621467,0.0,0.0,0.0061194963725001526,0.0002942921882177788,0.24268035951888922,0.2262389181238232,0.0,1.1252593007147416
89,0.0001,0.5012870295481249,0.030051305410311077,0.0,0.0,0.005839075452196553,0.00028840007540896875,0.2386595584226377,0.22644868989785513,0.0,1.1770676017100827
90,0.0001,0.4961727297667301,0.0285125822957718,0.0,0.0,0.005918897878886623,0.00029127253263581997,0.23668698514952805,0.22476299423159976,0.0,1.0917797704482657
91,0.0001,0.4908537837592038,0.0264915760154977,0.0,0.0,0.00586995773130294,0.00029440804880295855,0.23250538833213574,0.22569245370951566,0.0,0.9736388973329684
92,0.0001,0.49170229290470935,0.024980532344092022,0.0,0.0,0.005711387310205309,0.00028970906560337454,0.23844537703376828,0.2222752869129181,0.0,1.0664376212028777
93,0.0001,0.49211569717436127,0.026281974363056095,0.0,0.0,0.005677550029235355,0.00028489739237226206,0.23599649920608057,0.22387478071631808,0.0,1.0365325988127494
94,0.0001,0.49044022235003387,0.027315238744697788,0.0,0.0,0.005711449648846279,0.00029095611579109436,0.23298565546671549,0.22413692871729532,0.0,0.9965539201063376
95,0.0001,0.4887990111654455,0.027530815875665707,0.0,0.0,0.005613761086186225,0.0002890699304936623,0.23350058315378247,0.22186478159644388,0.0,1.0889808673778307
96,0.0001,0.4917615047006896,0.026106148901762383,0.0,0.0,0.00606597483045224,0.00028787630567835134,0.23511008511890064,0.22419141549052615,0.0,0.9588175425400406
97,0.0001,0.49095226417888294,0.026514006609266453,0.0,0.0,0.0057057563963374405,0.0002822165247793733,0.2365288291916703,0.22192145477641712,0.0,1.036912935677438
98,0.0001,0.4771398188489856,0.021592491602694445,0.0,0.0,0.0057176853544219875,0.0002899446174551761,0.2299980909535379,0.21954161289966467,0.0,0.8986378940518887
99,0.0001,0.47660742925875116,0.024114991975665995,0.0,0.0,0.005560162194976301,0.000284227266974719,0.22508637020082184,0.22156167752815015,0.0,0.9542626053595056
100,0.0001,0.4777515214501005,0.025735182221978903,0.0,0.0,0.005561772402319492,0.0002837570866562821,0.22754204634464148,0.21862876054012415,0.0,1.120386878897948
101,0.0001,0.478466555927739,0.025756006665302044,0.0,0.0,0.005539430954465361,0.0002871491283947376,0.226956642035282,0.21992733081181845,0.0,0.9929828600172688
102,0.0001,0.47203295790787897,0.023174002907718674,0.0,0.0,0.005603270584040068,0.00028007707971317524,0.22319796952334317,0.21977763464956573,0.0,0.9045371269981743
103,0.0001,0.48121075196699664,0.025616046718575737,0.0,0.0,0.005611446149873011,0.0002846688254397701,0.2295106708100348,0.22018791419087033,0.0,1.0335730539355275
104,0.0001,0.471880398013375,0.023932642896067013,0.0,0.0,0.005374806566220342,0.00028159308854038966,0.22147526930678973,0.22081608618750717,0.0,0.9399016217972761
105,0.0001,0.4801717626326012,0.025668335147202015,0.0,0.0,0.005624037567582546,0.0002827778516802937,0.2244466800581325,0.2241499342701652,0.0,1.0041495681111283
106,0.0001,0.47197068640680023,0.02246765390207822,0.0,0.0,0.005372166436052684,0.00027771790579815087,0.22494645800554391,0.21890669203165805,0.0,1.0023562013375453
107,0.0001,0.47624357360782044,0.023908923168412664,0.0,0.0,0.005654498927690314,0.0002832585120234977,0.2264033334724831,0.21999356015162033,0.0,1.042329691439711
108,0.0001,0.47265741048437176,0.02443279726712993,0.0,0.0,0.0054079977245154705,0.0002841251495710546,0.22188642756505447,0.2206460562619296,0.0,0.9573220858804411
109,0.0001,0.47312762159289734,0.026612655626553478,0.0,0.0,0.005513266688494971,0.0002783088919276259,0.22075972548036865,0.21996366074590973,0.0,1.0934154995211354
110,0.0001,0.4691915141813683,0.024224294335440252,0.0,0.0,0.005595795471559872,0.0002829903801973683,0.2208324774648204,0.2182559542583697,0.0,1.095225302079123
111,0.0001,0.4717418614662055,0.02171185759432388,0.0,0.0,0.005583034218006739,0.0002822402695363218,0.22476962344212967,0.21939510468280676,0.0,0.9218080799093478
112,0.0001,0.46821252234054334,0.02206755903634158,0.0,0.0,0.005516523855145682,0.00027980148231356657,0.2225170781215032,0.21783155925346143,0.0,0.9388671415049791
113,0.0001,0.46368399352738354,0.02518417677757415,0.0,0.0,0.005377788237775817,0.0002765376067889685,0.21655447893973553,0.21629101128289194,0.0,1.0732413067606783
114,0.0001,0.45748666831941315,0.0219912359660322,0.0,0.0,0.0053484521834461975,0.0002833061990906682,0.2146134263638294,0.21525025006496545,0.0,0.9070893475539332
115,0.0001,0.45971562645652075,0.023199477035439377,0.0,0.0,0.005258623041410112,0.0002772187281428187,0.21454828390569397,0.21643202277747067,0.0,1.0100557305281141
116,0.0001,0.4691659365639542,0.024727039871680918,0.0,0.0,0.005517783204347573,0.00027890048240255,0.22174735660805847,0.21689485916585632,0.0,1.0673411905471386
117,0.0001,0.4581695126764702,0.022700876844200222,0.0,0.0,0.005194283838412075,0.0002791870885465125,0.21352754081740524,0.21646762345776413,0.0,0.9446252029847432
118,0.0001,0.45667833812309033,0.021633645322060947,0.0,0.0,0.00534397799691016,0.0002803406766333589,0.21364172209392895,0.2157786511110537,0.0,1.0153181317541125
119,0.0001,0.45530423973545886,0.021500350328896082,0.0,0.0,0.005339232432147996,0.00027870076376006403,0.2147386333707607,0.21344732289964502,0.0,0.9718112338814856
120,0.0001,0.45671233805743133,0.020935180512341587,0.0,0.0,0.005250580661760812,0.00027890370587225664,0.21639920906587082,0.2138484621589834,0.0,0.8796208497138019
121,0.0001,0.45620467084826843,0.020244747626058983,0.0,0.0,0.005267329200058047,0.00027474777986450743,0.21491167626597665,0.2155061743476174,0.0,0.9139944208440062
122,0.0001,0.456835074858232,0.024424789882631914,0.0,0.0,0.005255428657895236,0.00027612193177143735,0.21193662466424884,0.21494211075883923,0.0,0.9620610272944004
123,0.0001,0.45383551807114575,0.023511266349955942,0.0,0.0,0.0051589706298810515,0.0002750812758070727,0.21177110211415726,0.2131190968282295,0.0,1.0345343337119
124,0.0001,0.44945206154476514,0.021988783088145836,0.0,0.0,0.0051533859223127365,0.0002742348358768857,0.20905593037605286,0.21297972762223447,0.0,0.981908061310231
125,0.0001,0.45026939836415375,0.01884222301569852,0.0,0.0,0.00521381873863213,0.0002734510260669402,0.2142648839137771,0.21167502123298068,0.0,0.8785209201064709
126,0.0001,0.446294777321093,0.020379389678551393,0.0,0.0,0.004872330259813955,0.00027222501089316654,0.20789052184784051,0.21288031068715182,0.0,0.9352454450830491
127,0.0001,0.44684486678152374,0.02252384162310398,0.0,0.0,0.004921936070207845,0.00027273008582238674,0.20693450624292548,0.21219185401092877,0.0,0.983646291183719
128,0.0001,0.45477596918741864,0.023234268396415493,0.0,0.0,0.005289062787073128,0.0002739485379689458,0.212549755970637,0.21342893260898013,0.0,0.9720708414035094
129,0.0001,0.4489114275484374,0.020954493292127594,0.0,0.0,0.005141466415035679,0.0002757267414408764,0.2091774448300853,0.21336229732542328,0.0,0.8913607189742916
130,0.0001,0.45080554575631115,0.021120830354365436,0.0,0.0,0.005201988144439052,0.00027646392867829877,0.20903151098525885,0.21517475220290097,0.0,0.9458674478634667
131,0.0001,0.45297251777215436,0.022283481532764254,0.0,0.0,0.005274125381909085,0.00027141353304173345,0.21143962826692697,0.21370386761246304,0.0,0.8682078609042244
132,0.0001,0.44659342819994147,0.020941964957411543,0.0,0.0,0.005268064944891993,0.0002745447709457949,0.20847258874864288,0.21163626557046716,0.0,0.8370963119960344
133,0.0001,0.44623980287349585,0.020858430966847773,0.0,0.0,0.004960330478339033,0.0002693763515598028,0.2091201101288651,0.21103154935620047,0.0,0.9726516813320977
134,0.0001,0.4534134304884708,0.022316777006243214,0.0,0.0,0.005158294415609403,0.00027091785071234244,0.21241697217478897,0.2132504704323682,0.0,0.974895042305965
135,0.0001,0.4496286249522007,0.023426828482611614,0.0,0.0,0.0050759250580361395,0.00027063410776794296,0.2093397934328426,0.21151544198845373,0.0,1.0107644460146938
136,0.0001,0.433046480922988,0.018443464301526546,0.0,0.0,0.004797409288585186,0.00027052136834809613,0.20111161515568243,0.2084234713604956,0.0,0.8528357344420745
137,0.0001,0.44168380173769867,0.021625887800120945,0.0,0.0,0.005087347602415265,0.0002697139813487108,0.20218588502118082,0.21251496401700107,0.0,0.9829950699049796
138,0.0001,0.4432263392390627,0.021114254850104,0.0,0.0,0.005128083397831881,0.0002718294285428287,0.20544827029560553,0.2112639027111458,0.0,0.9693978907592744
139,0.0001,0.43802781177289557,0.017819633961401203,0.0,0.0,0.004842665198146168,0.00027074137831346667,0.20499770523923816,0.21009706276835818,0.0,0.7707076880229832
140,0.0001,0.43503529917110095,0.01986896571223483,0.0,0.0,0.00501719949357776,0.00026707113526451093,0.1993560353011796,0.21052602836579987,0.0,0.8215252161766158
141,0.0001,0.43795541561011114,0.019558556448442465,0.0,0.0,0.004977864601338903,0.00027206726901402527,0.20325578794334875,0.20989113955786734,0.0,0.8782136332026146
142,0.0001,0.436958344596805,0.01890915132720362,0.0,0.0,0.0048184317967036,0.0002677375419862625,0.20493898337537592,0.20802403715523807,0.0,0.8835331069833592
143,0.0001,0.4296783371405168,0.018385034633066618,0.0,0.0,0.004862925355237993,0.0002722924025764576,0.19797039438377728,0.20818768802917365,0.0,0.8569025969646554
144,0.0001,0.43339694449395844,0.01880298609930006,0.0,0.0,0.004832512438015053,0.000266923629555315,0.19780231018861136,0.21169221039974329,0.0,0.7968088734855934
145,0.0001,0.43658041863730457,0.020934705156832933,0.0,0.0,0.005059703126211058,0.000270038794207556,0.20128083409685077,0.20903513512828134,0.0,0.876402463343252
146,0.0001,0.4351999380371787,0.020019965740202955,0.0,0.0,0.004880135370926423,0.0002645851067923517,0.2005032915057558,0.20953195835604813,0.0,0.8863443751272349
147,0.0001,0.4355527614102219,0.019970080039153498,0.0,0.0,0.005012118081195336,0.0002716136205532221,0.20076864980386966,0.20953029890855154,0.0,0.8376600205342118
148,0.0001,0.43198851654023834,0.0198751042004336,0.0,0.0,0.0048612848869666,0.00026634645120903963,0.1983281782630718,0.20865760743618011,0.0,0.9393260710206984
149,0.0001,0.4278900280143275,0.01774664217549743,0.0,0.0,0.0049380645205294995,0.00026861123809463936,0.19492645268187378,0.21001025853735028,0.0,0.851842924643665
150,0.0001,0.4270919082742749,0.020092258723734907,0.0,0.0,0.004765579046568636,0.00026498106484668273,0.19512798208178897,0.20684110486146176,0.0,0.89410409484439
151,0.0001,0.4241123985160481,0.018265072482101845,0.0,0.0,0.004743398096638195,0.0002667918205120121,0.1942118541760878,0.20662528321598517,0.0,0.7977170956863621
152,0.0001,0.42962782220406964,0.02081534576912721,0.0,0.0,0.0046736128261369286,0.0002654602785972229,0.1955707488637982,0.2083026495846835,0.0,0.8556545774401316
153,0.0001,0.4294755088560509,0.019945435183630747,0.0,0.0,0.004835472286989291,0.00026245919941698736,0.19839838327783527,0.20603375407782468,0.0,0.9951545089642423
154,0.0001,0.42529569069544476,0.017533507099318685,0.0,0.0,0.004721831202253022,0.0002674817065285011,0.19496488571166992,0.20780798250978644,0.0,0.7867344438860996
155,0.0001,0.42905689279238385,0.016863816728194553,0.0,0.0,0.004839447887868367,0.0002636817089020924,0.19985763864083725,0.20723230640093485,0.0,0.7834545196927177
156,0.0001,0.42450327945478034,0.01853433587221485,0.0,0.0,0.0045689132318577986,0.0002666649926333886,0.1949234421957623,0.20620992328181412,0.0,0.8055157124033439
157,0.0001,0.4318878144928903,0.01943878567015583,0.0,0.0,0.004996378468631795,0.0002674065242789573,0.2002674104137854,0.2069178313919992,0.0,0.8749150817686591
158,0.0001,0.422253179730791,0.018628134420423798,0.0,0.0,0.004646719955472332,0.0002647004580604985,0.19426317264636359,0.204450451966488,0.0,0.7961111176134447
159,0.0001,0.423507576639002,0.02045275754944393,0.0,0.0,0.0048201468942517586,0.0002643861009732284,0.19319738176735965,0.20477290586991745,0.0,0.9823101880257735
160,0.0001,0.4253035007101117,0.01987585841649861,0.0,0.0,0.004770447796379978,0.0002616244629748645,0.19355489494222583,0.20684067408243814,0.0,0.8793318507728407
161,0.0001,0.41795614903623407,0.016508646295264814,0.0,0.0,0.0047338040736080575,0.00026921170788365555,0.19196719924608865,0.20447728670004642,0.0,0.7720142424298957
162,0.0001,0.4190384971373009,0.01942459303377704,0.0,0.0,0.00463672226054989,0.0002627562829399143,0.1903466751629656,0.2043677487156608,0.0,0.8904986065286641
163,0.0001,0.422401232249809,0.0197814631727383,0.0,0.0,0.004741062833504243,0.000266638484335448,0.1915073688283111,0.20610470031246994,0.0,0.9079926600181683
164,0.0001,0.4216242902206652,0.01926308355265946,0.0,0.0,0.0047543216884757085,0.0002616684770063412,0.19283311565717062,0.20451210394050134,0.0,0.9420090131446195
165,0.0001,0.41937303814021026,0.01858366213061593,0.0,0.0,0.00474931779811441,0.00026107395101324516,0.19136484689784772,0.20441413648200757,0.0,0.8367705411383481
166,0.0001,0.41891021168593207,0.020162840670144015,0.0,0.0,0.004660568411716006,0.0002641261574657013,0.18991465211817712,0.2039080226060116,0.0,0.9101348982085623
167,0.0001,0.4220164147290317,0.019807717254893345,0.0,0.0,0.004632980276999826,0.0002625198526815935,0.1898504188566497,0.20746277498476434,0.0,0.882783210687218
168,0.0001,0.4139753589124391,0.016846278513019734,0.0,0.0,0.004396837056529793,0.0002613947025648403,0.1889008220398065,0.20357002633990665,0.0,0.788244619154833
169,0.0001,0.41341492082133435,0.017867099987625173,0.0,0.0,0.0045434612936029834,0.00026321326996284455,0.18760160718000296,0.20313953946937213,0.0,0.796946428739797
170,0.0001,0.41439635916189715,0.018224696233642822,0.0,0.0,0.004538784392714275,0.00025793128059541976,0.18739178415500757,0.20398316284020743,0.0,0.7939941855736944
171,0.0001,0.42080808950193,0.021792473243267246,0.0,0.0,0.004799403398382393,0.0002613304845219704,0.18835321588046622,0.205601664203586,0.0,1.0510431551788735
172,0.0001,0.4068237633416147,0.017798284929471487,0.0,0.0,0.004519528293079047,0.000261211558774283,0.18248296190391888,0.20176177539608695,0.0,0.7732184145847358
173,0.0001,0.4132971835858894,0.016646338281024135,0.0,0.0,0.004525635772469369,0.0002619961438044398,0.1893603325341687,0.20250288464806296,0.0,0.7774333079196886
174,0.0001,0.4150865746266914,0.016149700351172323,0.0,0.0,0.004524483955747476,0.0002609157937430692,0.19061296681563059,0.20353850541692792,0.0,0.737334827928958
175,0.0001,0.4148714713978045,0.01782891440741492,0.0,0.0,0.004613714574864416,0.0002622806156675021,0.18799637483827997,0.20417018279884802,0.0,0.8390243958165543
176,0.0001,0.40771870631160156,0.018083151302893053,0.0,0.0,0.004415220997268052,0.0002593852568128513,0.18278450812354233,0.20217643994273563,0.0,0.8986461268292403
177,0.0001,0.4085226727254463,0.016340667410104565,0.0,0.0,0.004565717567774383,0.00025983158169159043,0.18566369062120264,0.20169276134534317,0.0,0.7976716183506164
178,0.0001,0.4088920210347031,0.0162103193614519,0.0,0.0,0.004463376445611092,0.000260772519995402,0.1866431999387163,0.2013143508723288,0.0,0.7422935567742579
179,0.0001,0.4074640174706777,0.017354807689447294,0.0,0.0,0.004566371553775036,0.0002584415020519924,0.18364058299498123,0.20164381870717712,0.0,0.8494948943125421
180,0.0001,0.4159265205715642,0.016859085990511107,0.0,0.0,0.00457575974746071,0.0002609484447131046,0.19133802977475253,0.20289269721869266,0.0,0.8416720973722587
181,0.0001,0.41328991091612616,0.01651174208205758,0.0,0.0,0.004447400252419439,0.0002587476470084353,0.18843897861061673,0.2036330383835417,0.0,0.8277958503863712
182,0.0001,0.4125463149764321,0.017605191844543726,0.0,0.0,0.004547054745313345,0.00025895519215599495,0.18783188340338794,0.20230322850472998,0.0,0.9012205457446562
183,0.0001,0.4067631156155557,0.01618105727671222,0.0,0.0,0.00454353288549817,0.00025956731802910906,0.18465346391453888,0.20112549355535797,0.0,0.7505101481719796
184,0.0001,0.4092359922148965,0.0174432956952263,0.0,0.0,0.0045856040634327765,0.00025790750541173935,0.1868887787515467,0.20006040506290668,0.0,0.8171576891074809
185,0.0001,0.4043175930326635,0.016559834225159702,0.0,0.0,0.00447037329219959,0.0002568999753390072,0.18174729067267795,0.2012831966082255,0.0,0.8046006406862167
186,0.0001,0.40219680377931305,0.015538537324490872,0.0,0.0,0.004332601272670383,0.0002589645538881252,0.18274413184686142,0.1993225704539906,0.0,0.7415351764894835
187,0.0001,0.40426482124762103,0.016708031127398663,0.0,0.0,0.004463010086593303,0.0002567474351081094,0.18159636719660324,0.20124066146937283,0.0,0.7636251037485179
188,0.0001,0.4033343493938446,0.01580754965261528,0.0,0.0,0.004282654883960883,0.0002560443637335221,0.18379458107731558,0.1991935187216961,0.0,0.8302031179491107
189,0.0001,0.40059772675687616,0.01477602097403371,0.0,0.0,0.004461310874444969,0.0002599611631894456,0.1798912857969602,0.20120915364135394,0.0,0.6964760205459499
190,0.0001,0.4023355146249135,0.01580319284094554,0.0,0.0,0.00436379108225193,0.00025461402335415846,0.1806642176075415,0.20124969789476105,0.0,0.8193329283348811
191,0.0001,0.4043874704476559,0.015949050218544224,0.0,0.0,0.004407947988842021,0.00025742538370347273,0.18296246298334815,0.20081058686429804,0.0,0.8228858623974745
192,0.0001,0.40102240804469946,0.01702927498880661,0.0,0.0,0.004278913905815871,0.0002563275166639042,0.1795618976607467,0.19989599603595157,0.0,0.8210630406657426
193,0.0001,0.3991384921651898,0.015413534841641333,0.0,0.0,0.004518092754579177,0.00025699373068302077,0.1787488708893458,0.20020100158272366,0.0,0.7692800656190297
194,0.0001,0.4003408063541759,0.016811098917528536,0.0,0.0,0.0044311905018703055,0.0002567756830213704,0.17836610002048087,0.20047563991763376,0.0,0.7627549786886579
195,0.0001,0.40011496887062536,0.015413690598286463,0.0,0.0,0.004164611500913672,0.00025568981161058855,0.1799302279497638,0.20035074831861438,0.0,0.7701910224703973
196,0.0001,0.40170236880129034,0.015756544882826733,0.0,0.0,0.004524326149487134,0.0002573298883031715,0.18159892477772452,0.19956524444348883,0.0,0.7521659278454169
197,0.0001,0.3966063107504989,0.015846960317117697,0.0,0.0,0.0043741626220501284,0.0002571490075559158,0.17594374535661755,0.20018428925311926,0.0,0.788327567613612
198,0.0001,0.40323200912186596,0.018418858759105206,0.0,0.0,0.004467076311508815,0.00025563013332430273,0.17843724584037607,0.2016531933437694,0.0,0.8557897983885834
199,0.0001,0.3979442498900674,0.015969825936763576,0.0,0.0,0.004398543736897409,0.00025709916768722576,0.1784416979009455,0.19887708127498627,0.0,0.7617216381288616
200,0.0001,0.40120591539325134,0.018837130706136424,0.0,0.0,0.004411926094414384,0.0002542271351117189,0.1784158850258047,0.19928674851403091,0.0,0.8992937133177213
201,0.0001,0.39925997907465155,0.017711889097523508,0.0,0.0,0.004468101697663466,0.0002549738860442162,0.1773899466250882,0.19943506835084973,0.0,0.8963889238606347
202,0.0001,0.3987124255209258,0.01671807496159366,0.0,0.0,0.0043956732419742775,0.00025528616838114846,0.17720024084503,0.20014315166256644,0.0,0.7909063610793083
203,0.0001,0.3971602347764102,0.015869104345752436,0.0,0.0,0.004250860286199234,0.00025437522091317186,0.17703251043955484,0.1997533901171251,0.0,0.7550815551333006
204,0.0001,0.39676547411716345,0.015595758220914639,0.0,0.0,0.004288421404039996,0.0002545170467452739,0.17865062708204443,0.19797614894130014,0.0,0.7664289314138779
205,0.0001,0.39507243398464087,0.014629088229302204,0.0,0.0,0.004362467274239118,0.00025428741884587163,0.17609117767124466,0.1997354134465709,0.0,0.7260270570431486
206,0.0001,0.39945032560464105,0.01564265906133435,0.0,0.0,0.004468394277589114,0.0002565339139740293,0.17949210468566779,0.1995906342159618,0.0,0.7500394581453345
207,0.0001,0.3927968153447816,0.01559943746718945,0.0,0.0,0.00426818592346866,0.00025091481096972006,0.17350092394785446,0.1991773514133511,0.0,0.723304151688725
208,0.0001,0.39575943441102,0.01683640204878016,0.0,0.0,0.004244032534629558,0.0002567996910356945,0.17628195994731152,0.1981402405283668,0.0,0.80506145016608
209,0.0001,0.3935954941041542,0.017339554036769903,0.0,0.0,0.004263339952255289,0.00025384107588748026,0.1745265078815547,0.1972122531045567,0.0,0.834127180618237
210,0.0001,0.39525872559258435,0.01709673222097935,0.0,0.0,0.0044238168506346865,0.00025374037707506705,0.17472022523482642,0.19876420813979526,0.0,0.8634809500711651
211,0.0001,0.3920035994414127,0.014817385031192593,0.0,0.0,0.004327400654526145,0.0002522046332050002,0.17608764158053833,0.1965189670974558,0.0,0.7501154603642924
212,0.0001,0.396290199323134,0.015895218884741717,0.0,0.0,0.004350990850732408,0.0002555531717723969,0.17687131848299142,0.19891711843736243,0.0,0.7137760743342866
213,0.0001,0.3896079650430968,0.014732383022254164,0.0,0.0,0.004169916921069451,0.0002513485898926967,0.1751284825079369,0.1953258333784161,0.0,0.7091921856487752
214,0.0001,0.389004493301565,0.015127195934341713,0.0,0.0,0.004320310213546635,0.0002554988192666012,0.1714888336983594,0.19781265565843292,0.0,0.7767876489086764
215,0.0001,0.3923362096150716,0.015478651039302349,0.0,0.0,0.004149043184676857,0.00024886384110714335,0.17359357891660748,0.19886607428391775,0.0,0.8004828426199134
216,0.0001,0.39230643890120764,0.015071582063242342,0.0,0.0,0.004319463750686158,0.0002542710400038314,0.1733027637907953,0.19935835988232584,0.0,0.7214450819706968
217,0.0001,0.3914576994650292,0.014598410618914799,0.0,0.0,0.004216629249805754,0.00025300354481618285,0.17294992845166812,0.19943972699569934,0.0,0.7054744040013221
218,0.0001,0.3940725705840371,0.017639291077626473,0.0,0.0,0.004215761567607071,0.0002509594441190447,0.1753942368156982,0.1965723204793352,0.0,0.9880479171389401
219,0.0001,0.389465537035104,0.014379643157801845,0.0,0.0,0.0042695769630936966,0.00025335312128652623,0.17431219667196274,0.1962507696765842,0.0,0.7475812373603592
220,0.0001,0.38986060836098413,0.014249290113873554,0.0,0.0,0.004248449384855728,0.0002527667370900004,0.17384427740718378,0.19726582819765265,0.0,0.7871471076227992
221,0.0001,0.39122608665264014,0.014892103079932205,0.0,0.0,0.0041926762082077785,0.0002527323204875839,0.17413097394235205,0.19775760128642572,0.0,0.8106306507877036
222,0.0001,0.3945872964281024,0.015789405795548,0.0,0.0,0.004451481346746512,0.0002518976609942249,0.17373750358819962,0.20035700816096683,0.0,0.7579410170197988
223,0.0001,0.39119568105899927,0.01531202190866073,0.0,0.0,0.004610371271458765,0.0002547602244621058,0.17355448684909128,0.19746404389540353,0.0,0.7517552232863903
224,0.0001,0.3879460710467714,0.01546450381195455,0.0,0.0,0.004128856873704177,0.0002494011220705667,0.17073231325908142,0.19737099517475476,0.0,0.8549247683366609
225,0.0001,0.38840647448192944,0.01475838783451102,0.0,0.0,0.0041625374490677405,0.0002527317075432758,0.17153854171435037,0.19769427857615732,0.0,0.75581216253274
226,0.0001,0.38978375359015033,0.018238242941372322,0.0,0.0,0.004277354783632539,0.00024996850741886055,0.1699673052538525,0.19705088165673343,0.0,0.9297289578492519
227,0.0001,0.3795364806146333,0.012861085787528393,0.0,0.0,0.004047490035494168,0.0002507081270309617,0.16672855593038327,0.19564864445816388,0.0,0.6501609231194692
228,0.0001,0.384287543369062,0.014447986543404333,0.0,0.0,0.004234170082561446,0.00025014120249331677,0.1691200534502665,0.1962351952538346,0.0,0.7180208162500561
229,0.0001,0.38586825854850537,0.014294289602813396,0.0,0.0,0.004181888811713593,0.0002502611437883002,0.1710234699827252,0.1961183471210075,0.0,0.7317506466560737
230,0.0001,0.38622296940196643,0.015061555783066786,0.0,0.0,0.004184346614320847,0.0002494971466314217,0.1709131415594708,0.1958144302621032,0.0,0.7740110856637549
231,0.0001,0.3834550443923835,0.014221300864874414,0.0,0.0,0.0039844459176740865,0.00024875753627963024,0.16945918355927322,0.19554135474291715,0.0,0.7439044967269578
232,0.0001,0.38118116422133014,0.014136244359454422,0.0,0.0,0.004038684334690598,0.00024767714234203044,0.16866561860749216,0.19409293658805615,0.0,0.7635321164711346
233,0.0001,0.385741499337283,0.015073911611442312,0.0,0.0,0.0042570268481292505,0.0002492738003087597,0.17140462204362406,0.19475666636770422,0.0,0.7562765873245382
234,0.0001,0.3834665896314563,0.014453116042370146,0.0,0.0,0.004176028926546375,0.0002485532781010437,0.17051133084477801,0.19407756129900613,0.0,0.7364558327975836
235,0.0001,0.380733794335163,0.013740292849075613,0.0,0.0,0.003969214274547994,0.00024927931548463124,0.16874678974801843,0.19402821949034027,0.0,0.6833216101636427
236,0.0001,0.38065565716136585,0.014045790846770009,0.0,0.0,0.004105921189131384,0.0002476218391111064,0.16690366444262592,0.19535265862941742,0.0,0.7081586015369858
237,0.0001,0.38271359692920337,0.014304269218083584,0.0,0.0,0.004134736595336686,0.00025052932985338634,0.16949650351748322,0.19452755965969779,0.0,0.7887473611000766
238,0.0001,0.378360932523554,0.014237263465695309,0.0,0.0,0.0041137978427507205,0.00024886363804178086,0.1652523728482651,0.19450863563653195,0.0,0.7800694227900452
239,0.0001,0.37876504930582916,0.01440457972895467,0.0,0.0,0.00406086057509211,0.0002461958431398891,0.16589451400619565,0.19415889770695657,0.0,0.7969511349576518
240,0.0001,0.3931179696863348,0.017956609724823273,0.0,0.0,0.004359474165760206,0.000249530007060843,0.17405466103192532,0.1964976950125261,0.0,0.9708813047904266
241,0.0001,0.384093673843326,0.015159699134528637,0.0,0.0,0.0041865017229804034,0.00025208497456994587,0.16880735980741907,0.1956880304849509,0.0,0.7646220721556954
242,0.0001,0.38397550402265607,0.015238935113743399,0.0,0.0,0.0041938419947682905,0.0002468040488152341,0.1689273306366169,0.19536859113158603,0.0,0.7641364266306359
243,0.0001,0.3813838046608549,0.014143632005222818,0.0,0.0,0.003972786288200455,0.00024924890198180395,0.16717788035219366,0.19584025984460657,0.0,0.723643963089978
244,0.0001,0.3777755598227183,0.015408731926458351,0.0,0.0,0.004038647730891226,0.00024527639250278077,0.16496621320645014,0.19311668881864258,0.0,0.764118393739131
245,0.0001,0.37863720998619543,0.014804065467394663,0.0,0.0,0.004133303797888485,0.0002495103919610494,0.16519207687992038,0.19425825187654205,0.0,0.8041158545133996
246,0.0001,0.37800307255802734,0.014310851255713991,0.0,0.0,0.003970304232401152,0.0002453619293219438,0.16577623107216574,0.193700321244471,0.0,0.7112872296973298
247,0.0001,0.3812020818392436,0.015621672652548912,0.0,0.0,0.004159777019539792,0.0002472910943624535,0.16709840997602,0.19407493056672992,0.0,0.7410313376786037
248,0.0001,0.37562981338211987,0.014370495679252075,0.0,0.0,0.004001054277812893,0.0002490228273955202,0.16397174447774887,0.19303749546860205,0.0,0.7059413941379976
249,0.0001,0.37595330133582605,0.013585846722972665,0.0,0.0,0.003961963430893692,0.0002441910026281028,0.1648625758561221,0.19329872501618933,0.0,0.8169941438579505
250,0.0001,0.37303638909802295,0.01481012733314525,0.0,0.0,0.004071700954668675,0.0002505920856492594,0.16166293101780344,0.19224103698224732,0.0,0.8057879744346517
251,0.0001,0.3766683303948605,0.013503272481488459,0.0,0.0,0.003948513072717822,0.0002440386151923149,0.16598952742237033,0.1929829784414985,0.0,0.6678836086243803
252,0.0001,0.3736179859349222,0.01451724690074722,0.0,0.0,0.00391489712196882,0.0002443439152557403,0.16141484903566766,0.19352664866230704,0.0,0.7796271380782427
253,0.0001,0.3748936607982173,0.01434970141924692,0.0,0.0,0.004002097401429306,0.0002485309448798723,0.1637953815586639,0.19249794880549112,0.0,0.7449706084358213
254,0.0001,0.3751838125965812,0.0145558608611199,0.0,0.0,0.004106143810504088,0.0002459561259125952,0.1633548034411488,0.1929210483124762,0.0,0.7791103362959511
255,0.0001,0.37167608015465015,0.01299222107186462,0.0,0.0,0.003971378142578584,0.000246718134748693,0.16222823162873587,0.19223752933921237,0.0,0.655286141841148
256,0.0001,0.3725470178055041,0.014579586247264437,0.0,0.0,0.0038243129983487906,0.00024612668009164434,0.16121535138650375,0.19268163858038007,0.0,0.7752196959886057
257,0.0001,0.3725279461253773,0.013837191741913557,0.0,0.0,0.003970281104557216,0.0002461056494873694,0.1601662588390437,0.1943081093556953,0.0,0.7549090226787665
258,0.0001,0.3709900848793261,0.012901209788679174,0.0,0.0,0.003960820990896812,0.0002473199856467545,0.16177863289009442,0.1921021012645779,0.0,0.6438166747781024
259,0.0001,0.3760755540746631,0.01617000755063738,0.0,0.0,0.004058572975213103,0.0002460376534586293,0.16319769033879944,0.1924032469590505,0.0,0.9368020587609542
260,0.0001,0.3773454346440055,0.016524960188138666,0.0,0.0,0.004243763202490906,0.00024574662066615104,0.16163955380519232,0.19469141057043365,0.0,0.8797625577588981
261,0.0001,0.37559585589351074,0.013715895083309575,0.0,0.0,0.003999321802632149,0.0002448665777178989,0.16392366723580795,0.19371210715987466,0.0,0.7015023193950768
262,0.0001,0.3737099685452201,0.015209696918838856,0.0,0.0,0.004096698516866926,0.00024401065655348992,0.1604820623090773,0.1936775003418778,0.0,0.7962665771056442
263,0.0001,0.36813633730917267,0.012858192238843802,0.0,0.0,0.0038811327910728073,0.00024468799022019306,0.1606915042255864,0.19046082054123734,0.0,0.6450913580422867
264,0.0001,0.37542961131442676,0.014944369848253149,0.0,0.0,0.0038980948632921686,0.0002482402562622376,0.16407968307083304,0.19225922136595755,0.0,0.7367829598530311
265,0.0001,0.3713494828253081,0.01493735806169835,0.0,0.0,0.004024896841270454,0.00024463900252047813,0.1597291219866637,0.19241346780097845,0.0,0.8188283165203638
266,0.0001,0.3701959758093863,0.013921467926014553,0.0,0.0,0.003959013283196272,0.00024427708514408687,0.16093700085625504,0.1911342175620975,0.0,0.722399066450165
267,0.0001,0.3711727198326226,0.014532040691736973,0.0,0.0,0.0038946993952391276,0.0002435261668517452,0.16156867575464826,0.19093377843047632,0.0,0.7534357544739124
268,0.0001,0.3718487566167658,0.014887337177766092,0.0,0.0,0.003902326341520882,0.00024561350547821456,0.160367093528762,0.19244638627225702,0.0,0.8632114586628477
269,0.0001,0.3724890206799363,0.013766301852284056,0.0,0.0,0.003997768882210507,0.0002436969371046871,0.1614941613692226,0.19298709341973969,0.0,0.7788800203981573
270,0.0001,0.372014837734627,0.01364302443283977,0.0,0.0,0.004020664364692162,0.00024280863219632232,0.16119689878189203,0.19291144203055988,0.0,0.7050977912013892
271,0.0001,0.3695763692711339,0.01345335455103354,0.0,0.0,0.003922299104460487,0.0002415438934941917,0.16001798347993332,0.19194118814034897,0.0,0.7243276690625208
272,0.0001,0.37179102861520014,0.014564618948056843,0.0,0.0,0.003954726246637151,0.00024364552518818527,0.16187901298205057,0.19114902299461942,0.0,0.7554911361604997
273,0.0001,0.36537632526773395,0.014193616835682682,0.0,0.0,0.0038361245039568253,0.0002416335840032182,0.1566432262911941,0.1904617240934661,0.0,0.7866319251822315
274,0.0001,0.3665418769374038,0.013735787018738461,0.0,0.0,0.0039625546231753,0.00024453814540086597,0.15709020445744196,0.19150879030877893,0.0,0.7612095060455637
275,0.0001,0.37139300776250433,0.013466287813516277,0.0,0.0,0.004039237332163435,0.00024063335546419364,0.16327600113370203,0.19037084778149924,0.0,0.708782943400609
276,0.0001,0.36944751035083423,0.013180644533625155,0.0,0.0,0.0041317318312146445,0.0002443796900369114,0.1599495889562549,0.191941166917483,0.0,0.6711653981336841
277,0.0001,0.3684261856657086,0.014739523599432274,0.0,0.0,0.003989671307587714,0.00024119590869469738,0.15764823646256418,0.19180755859071558,0.0,0.7834772302920912
278,0.0001,0.3665149383472674,0.013674737744484886,0.0,0.0,0.0038121809202218146,0.00024213019589131528,0.158365642256809,0.19042024648550784,0.0,0.71087502718898
279,0.0001,0.367094613385923,0.013723218249100628,0.0,0.0,0.004003546331218924,0.000244746294232424,0.15675653901064035,0.19236656842809735,0.0,0.6702935650200653
280,0.0001,0.3668383134133888,0.012995512506952791,0.0,0.0,0.0039009904404255476,0.0002408257375160853,0.159426686212872,0.19027430180347327,0.0,0.7033307973846181
281,0.0001,0.3690128344478029,0.014810266100208868,0.0,0.0,0.003978676868207527,0.0002428189583235618,0.15908925235271454,0.19089182353380954,0.0,0.7742416990168464
282,0.0001,0.3657027473955443,0.012486018311006554,0.0,0.0,0.0038932807157945,0.0002445686082920116,0.16055300493131985,0.1885258722485918,0.0,0.6404130223635716
283,0.0001,0.3649434411164486,0.012696800894583717,0.0,0.0,0.0039955214632562165,0.00024252433319237423,0.1577266933340015,0.19028190184723248,0.0,0.6879884184161232
284,0.0001,0.3601762056350708,0.012166349824066416,0.0,0.0,0.0037592829021653442,0.00023987461331258103,0.1555218335353967,0.1884888649889917,0.0,0.6767056932649468
285,0.0001,0.3662133939338453,0.013924614737995646,0.0,0.0,0.003735897977921096,0.00023936768720335695,0.1581832574624004,0.19013025859991708,0.0,0.7430934849243339
286,0.0001,0.3609433788241762,0.013738721439784224,0.0,0.0,0.0038948417394280887,0.00024338804977367434,0.1543358936905861,0.18873053247278387,0.0,0.7501533267346762
287,0.0001,0.36313743302316376,0.012380841399796984,0.0,0.0,0.003932750695667258,0.00024254373795084769,0.1557697859225851,0.19081151124202844,0.0,0.6754231928630547
288,0.0001,0.36773699973568774,0.014831628523428331,0.0,0.0,0.0038992293729362163,0.00024087245952669588,0.15723247668056778,0.19153279156395883,0.0,0.6978658050398067
289,0.0001,0.36171298948201264,0.013347956281381123,0.0,0.0,0.003820219631024608,0.00024095589954716465,0.15388607143452673,0.19041778418150815,0.0,0.7363870991445317
290,0.0001,0.36006328915104724,0.01212753729443207,0.0,0.0,0.003790121398527514,0.00024095661744164923,0.15452572680783994,0.18937894927732873,0.0,0.6542905683963741
291,0.0001,0.36280032179572363,0.01485101291627595,0.0,0.0,0.0037829499571781717,0.00024076934972650963,0.15515800497748636,0.1887675826296662,0.0,0.7880976724540218
292,0.0001,0.3642136310086106,0.01307093415578658,0.0,0.0,0.0040541540542053,0.00024276262367052505,0.15709587570392725,0.18974990059028973,0.0,0.6865263434731248
293,0.0001,0.3690384319334319,0.01749713179147379,0.0,0.0,0.004299935757775198,0.00024134538244018614,0.15707486845327145,0.1899251499862382,0.0,0.8981520430221935
294,0.0001,0.358593612909317,0.011429098702854279,0.0,0.0,0.003685258579383971,0.00024116723260235494,0.1552755410472552,0.18796254965392026,0.0,0.6676699062389088
295,0.0001,0.36126630956476385,0.01302271293984218,0.0,0.0,0.003894260403643729,0.00024020131747943884,0.1553249185283979,0.1887842145833102,0.0,0.7303239426997037
296,0.0001,0.36062552350940125,0.013670158389052658,0.0,0.0,0.0037912631082828298,0.00024117021794981238,0.15385266664353284,0.18907026314374173,0.0,0.7972540054262534
297,0.0001,0.36131758491198224,0.013732206400935396,0.0,0.0,0.00381177513874277,0.00023899938770972022,0.1547581688924269,0.18877643437096567,0.0,0.7160747477426561
298,0.0001,0.355572653539253,0.012403019492260435,0.0,0.0,0.0037709506630728192,0.0002416761977435795,0.15145732913956497,0.18769967781774927,0.0,0.7208337451111219
299,0.0001,0.35891620137474756,0.012280053783659681,0.0,0.0,0.0037024396147127404,0.0002394993412467143,0.15379694329969812,0.18889726382313352,0.0,0.6615604086188395
300,0.0001,0.35781430114399304,0.011984508294104175,0.0,0.0,0.003856077807899,0.0002399062394750107,0.15388414624965552,0.18784966387531973,0.0,0.6439235213814026
