epoch,lr,train_total,train_main,train_nonneg,train_anom,train_grad,train_pattern,train_spectral,train_rmse
1,0.0001,2.061609941845139,0.8792743979817411,0.0,0.08232407938824811,0.004408351376696373,0.478216903982684,0.6173862158320844,4.385063727984755
2,0.0001,1.5273886816576123,0.5378477141978996,0.0,0.07353845038354241,0.0017558321084531296,0.37820744328200817,0.5360392482640842,3.6991277047680393
3,0.0001,1.234234950505197,0.27468585040575516,0.0,0.0719718331626306,0.0016000866035028594,0.353011161282969,0.5329660110486051,3.244834098769093
4,0.0001,1.065384843076269,0.17833518741341928,0.0,0.06465074938023463,0.001415966760456892,0.32054127019364387,0.5004416696416835,2.977942952266557
5,0.0001,1.0038058776408434,0.14413168442357951,0.0,0.06300856051772523,0.0013125384557497455,0.3049677807527284,0.4903853183301787,2.929281784879756
6,0.0001,0.9381489846855402,0.12841686677226485,0.0,0.0591112717568952,0.0012263413903686644,0.2783074321535726,0.4710870700267454,2.8769196319713135
7,0.0001,0.8864581156522036,0.11589418389485218,0.0,0.05591709355455047,0.0011635346440925787,0.2608433599816635,0.4526399476453662,2.7945291756406094
8,0.0001,0.8498719055205584,0.10732729503555068,0.0,0.05299711462915487,0.0011366175138694719,0.2429576279440274,0.4454532464345296,2.7735189184464732
9,0.0001,0.8280580330950519,0.1008524603433519,0.0,0.051350111374631524,0.0011035257853109215,0.23006525763776153,0.44468667668600875,2.759849312016108
10,0.0001,0.7850892595015466,0.09502406705966375,0.0,0.047465297880989965,0.0010855861505660869,0.21284429364216825,0.4286700136338671,2.741252576641794
11,0.0001,0.7721956763416529,0.09169674081689057,0.0,0.04776358910748968,0.0010683369764592499,0.20836193793608496,0.42330507080381113,2.7090507232923207
12,0.0001,0.7487897705286741,0.08652585615345743,0.0,0.045924329938619245,0.0010531066194137868,0.1999695423291996,0.4153169334555666,2.6747476708413744
13,0.0001,0.7247374542057514,0.08338427419463794,0.0,0.0425387953146128,0.0010428358812835843,0.18922057456802577,0.40855097413683933,2.638723393622309
14,0.0001,0.7299666066343585,0.08442346438823733,0.0,0.042345970003225375,0.0010313649757639116,0.18791761808097363,0.41424818911279243,2.702243493082029
15,0.0001,0.7056825966574252,0.0790784682200562,0.0,0.039633487940591294,0.0010264711825887691,0.17943151656072587,0.40651265112683177,2.6274416617057104
16,0.0001,0.6947095471744736,0.07710877178275648,0.0,0.03965449396976813,0.0010187712687184103,0.17369505017995834,0.40323246363550425,2.633912630634812
17,0.0001,0.6765852997389933,0.07280290453248502,0.0,0.03806252885745683,0.0010110498901667597,0.16831415705382824,0.3963946589889626,2.585119266294995
18,0.0001,0.6612814525142312,0.06537780431729819,0.0,0.03695663144268716,0.0010069530120138854,0.16783714989045015,0.3901029128270845,2.5161104497470226
19,0.0001,0.6646094468111793,0.07286915550988245,0.0,0.03795976755888356,0.0010039798938426732,0.16081479475057373,0.3919617480908831,2.5894676085997697
20,0.0001,0.634892761396865,0.06438676138107742,0.0,0.03454282528400654,0.0009959067506315478,0.15328483254415914,0.3816824381550153,2.538046209334824
21,0.0001,0.6356264272083839,0.06837028764857678,0.0,0.034541008091764525,0.0009866077200513246,0.15169769692389914,0.3800308269759019,2.5273539209731255
22,0.0001,0.6296334303915501,0.06643410817196127,0.0,0.0340444228471218,0.000987862223155389,0.1489549808902666,0.379212056286633,2.5465203319423786
23,0.0001,0.6218922026455402,0.06238337307392309,0.0,0.033935427862161305,0.0009804724755516265,0.14772413176251575,0.3768687970004976,2.511684701230473
24,0.0001,0.6218576650135219,0.06496963270183187,0.0,0.033275309523257114,0.0009847107363990897,0.1445002777618356,0.3781277349529167,2.5039704386666877
25,0.0001,0.6226822777340809,0.06673315960991506,0.0,0.03435568275745027,0.0009733345442934175,0.14446065658315396,0.37615944631397724,2.584332244705677
26,0.0001,0.6019430790717403,0.05963852197116163,0.0,0.030841767168264294,0.0009775998942131991,0.13963110597493747,0.37085408391430974,2.4692143117877015
27,0.0001,0.6038740170188248,0.05932035419391468,0.0,0.03187164723446282,0.0009754429452186741,0.1381496838099944,0.37355688757573563,2.4751767349858484
28,0.0001,0.5868656241024534,0.05734437248853889,0.0,0.031128579837968573,0.0009760848717329887,0.13357866221728423,0.3638379235441486,2.4783054236264386
29,0.0001,0.5943562981362144,0.058047533091060664,0.0,0.03136350747323983,0.0009643939959763278,0.13418601794789234,0.3697948434079687,2.4771871978510314
30,0.0001,0.5807035837012032,0.05679298070269093,0.0,0.030421011232344124,0.000966218356400835,0.12752025809216624,0.36500311456620693,2.4511210588016534
31,0.0001,0.5806393457266191,0.05437023150928629,0.0,0.029797688883263618,0.0009632169751512265,0.12893626732208455,0.3665719397055606,2.4491989853690037
32,0.0001,0.5818794461277624,0.056736850977661867,0.0,0.029406217186381884,0.0009600446931775272,0.12729893292998895,0.3674774020910263,2.4645920694914696
33,0.0001,0.5771813383325934,0.054345140675044,0.0,0.03006552715911918,0.0009686969353121336,0.12857489881571382,0.36322707450017333,2.4300142469515675
34,0.0001,0.5689564648394784,0.05328083008983716,0.0,0.029770271677989513,0.0009580144572585899,0.12387459339030708,0.36107275635004044,2.459165904000454
35,0.0001,0.5644602125200132,0.051772595104315165,0.0,0.028176892480890576,0.0009565776016036883,0.12457038157541926,0.3589837652010222,2.4103582373963515
36,0.0001,0.5492258756421506,0.04747747447254369,0.0,0.02700114868154439,0.0009594851852246696,0.12061216569660853,0.35317560091304284,2.362457135158206
37,0.0001,0.5511242365464568,0.04776071944312813,0.0,0.027907251351280138,0.0009559770730902528,0.11971713037928566,0.35478315750757855,2.382515947904415
38,0.0001,0.5481872321106493,0.04695181960657161,0.0,0.026778464743983932,0.0009490531314592469,0.11884906212799251,0.35465883277356625,2.356155048271781
39,0.0001,0.5438115972404679,0.047711475194470644,0.0,0.027037380554247648,0.0009556717459417996,0.11811560462228954,0.34999146483217675,2.3583597113767185
40,0.0001,0.5357788602511088,0.04548773939313833,0.0,0.026303758007998113,0.0009472721009539479,0.11759074232152973,0.3454493486012022,2.3551557529492575
41,0.0001,0.5364581930140654,0.04354255334571159,0.0,0.026405742338586908,0.0009446217754884856,0.11505105720910554,0.350514218211174,2.3040321624092277
42,0.0001,0.5266783009283245,0.042277388793687955,0.0,0.02603212808026001,0.0009430023507472166,0.11302803705135982,0.34439774323254824,2.306848385751503
43,0.0001,0.5257341798084477,0.04175862397338884,0.0,0.025721359234012198,0.0009391230185732032,0.1134430089732632,0.34387206674243015,2.300097953175753
44,0.0001,0.5337261836975813,0.04482473673124332,0.0,0.026084415085885364,0.0009378497146978285,0.11221670037290703,0.34966248157434165,2.3268494333726415
45,0.0001,0.5133241843432188,0.04062985726098608,0.0,0.024542421858010737,0.0009367007703531272,0.10887374963688974,0.3383414529574414,2.261923736891821
46,0.0001,0.5168870805452267,0.03965696320180238,0.0,0.025186694615210097,0.0009375397145655976,0.11033111502183601,0.34077476849779487,2.283723730660937
47,0.0001,0.5146707288610438,0.041260047682347555,0.0,0.02465058523618306,0.0009389169637567344,0.10745951108401641,0.34036166810741025,2.296661655425678
48,0.0001,0.5129256976457933,0.04002739266191687,0.0,0.024273966630668536,0.0009309850739403677,0.10655487897262599,0.3411384734790772,2.2672434637891463
49,0.0001,0.5160550948542854,0.041916430345736444,0.0,0.025147010096892092,0.0009304262160488482,0.10694844898534939,0.34111277914295596,2.2628488389292807
50,0.0001,0.5175146786496043,0.042278323092129234,0.0,0.02574635189739638,0.0009349802755878045,0.10730375198181719,0.34125127200968564,2.304663688565453
51,0.0001,0.5174781953295072,0.0438788926160972,0.0,0.025208547981795466,0.0009317975186604599,0.10567950777476653,0.34177945104117197,2.307163313822346
52,0.0001,0.5065535232424736,0.040759116905974224,0.0,0.023934091431632016,0.0009287542047786701,0.1047173361099946,0.33621422201395035,2.2725245576188797
53,0.0001,0.5012081068319579,0.03768118618609151,0.0,0.023316986200370593,0.000929174419904181,0.1026396881012867,0.33664107136428356,2.2250217539279955
54,0.0001,0.4977084523998201,0.03912677069214018,0.0,0.023531151680799667,0.0009209168676989066,0.1013085599988699,0.3328210550826043,2.2585363304179586
55,0.0001,0.4982228532123069,0.03829046264096784,0.0,0.02356889057288451,0.000926999521501178,0.10235299880150706,0.3330835026378433,2.251770965719075
56,0.0001,0.49940719238171977,0.039127542016406856,0.0,0.023610131863582257,0.0009183616430921878,0.10217786506594469,0.33357329162148136,2.279084902997465
57,0.0001,0.49624947644770145,0.03818521438127694,0.0,0.02355591409529249,0.0009179346118344256,0.09928898534659918,0.3343014270067215,2.253154975856587
58,0.0001,0.49113065702840686,0.035521810187977586,0.0,0.023178278558286063,0.0009220113082240763,0.09840792483494927,0.3331006305137028,2.235924989812304
59,0.0001,0.4920730485270421,0.03622808796353638,0.0,0.022590141228041222,0.0009145932978450825,0.09901958267437294,0.33332064119167626,2.2298430743541666
60,0.0001,0.49182466479639214,0.03653828024350029,0.0,0.022518169270673145,0.0009225351664099435,0.09892542365317543,0.33292025917520124,2.24877102699863
61,0.0001,0.4836771634096901,0.035264536752947606,0.0,0.022893115538560476,0.0009216343063750779,0.09967240481637418,0.32492547140767175,2.2354449537717436
62,0.0001,0.4801640057315429,0.03481046518330307,0.0,0.02200794171706851,0.0009163489175231613,0.09626768618666877,0.32616156393972534,2.4886278696272313
63,0.0001,0.4805651411103706,0.033667887718668986,0.0,0.02183630941847999,0.000916355121489687,0.09715257226101433,0.3269920165960987,2.1736112455315197
64,0.0001,0.4849818133128186,0.03723167693290937,0.0,0.023220512226544088,0.0009165118294731656,0.09445567945173632,0.329157432851692,2.2278522308772812
65,0.0001,0.481180921352158,0.035121506637854814,0.0,0.02223176689464405,0.0009183538772958855,0.09568713428840663,0.32722215773537755,2.74052907836349
66,0.0001,0.4765529193294545,0.03290281883043159,0.0,0.022041760834933182,0.0009157189929283049,0.09588125656591728,0.32481136335991323,2.144952906763303
67,0.0001,0.47430330344165367,0.03328342253371375,0.0,0.021715170361858327,0.0009102641897698049,0.09419647124983992,0.3241979777812958,2.1694904729479347
68,0.0001,0.4745231222671767,0.03455702254238228,0.0,0.021911723875139916,0.0009065538494420858,0.09277825629881893,0.3243695659718166,2.1492030538695674
69,0.0001,0.4730021790601313,0.034206699669690956,0.0,0.021590524636849295,0.0009119946097750168,0.09438708248004939,0.321905879303813,2.148033873888246
70,0.0001,0.46920786844566464,0.0319682866417376,0.0,0.021858583674960148,0.0009030940630812742,0.09305754567806919,0.32142035919241607,2.351365700643051
71,0.0001,0.4656040361151099,0.03186779056704836,0.0,0.021036385090458982,0.0009069463504450445,0.09119888728794952,0.32059402686233324,2.139455401492382
72,0.0001,0.46898944474135834,0.03310951676879389,0.0,0.021246789896395057,0.0009033917300863928,0.09089633201559384,0.32283341395668685,2.1880999982455993
73,0.0001,0.46719867751623195,0.0321822953519586,0.0,0.02138821357220877,0.0009067291380991568,0.09119067325567205,0.3215307662418733,2.189654987214771
74,0.0001,0.46740167882914346,0.03162822112669043,0.0,0.021721091178430168,0.0009008544384414563,0.09105529403313994,0.3220962175788979,2.203560912943584
75,0.0001,0.4649819683594008,0.0329422902953714,0.0,0.020848047670976182,0.0008998478809492857,0.09035137218112747,0.3199404102439682,2.3691504682653606
76,0.0001,0.47467582346871495,0.037284061994190175,0.0,0.022256100151328912,0.0009052649734258011,0.09101220751957347,0.3232181884037952,2.2005291858103155
77,0.0001,0.45905662328004837,0.03198852859350154,0.0,0.02011345620121574,0.0009207278026982143,0.08762161389070873,0.3184122958530982,2.7292258035982355
78,0.0001,0.4581479928456247,0.03386409998590049,0.0,0.020116864257336903,0.0009004104492760234,0.0861993683502078,0.31706725115266937,2.138930498097938
79,0.0001,0.45615849861254293,0.03046282965806313,0.0,0.020267780145028762,0.0008972443663424201,0.08688310994572628,0.31764753558672965,2.21522046087587
80,0.0001,0.4614324546419084,0.03368439198917864,0.0,0.021220119260154508,0.0009022992918896003,0.0875199704314582,0.31810567310700816,2.1366584205165613
81,0.0001,0.45584901437784237,0.03184672098238176,0.0,0.02030348452414425,0.0008999500859469359,0.08597169234417379,0.31682716504049796,2.973846305652649
82,0.0001,0.45301091236372787,0.03140023179973165,0.0,0.019767366102314554,0.0008982185522654618,0.0869685640791431,0.31397653177070123,2.3984254732333805
83,0.0001,0.4615627901318173,0.033133173111612756,0.0,0.020876696677684475,0.0008943685300740375,0.08753328048624098,0.319125270160536,2.1305964292055743
84,0.0001,0.45150025344143313,0.031032306362855405,0.0,0.020125849861263607,0.0008976222305439782,0.08439583196498764,0.3150486422237009,5.476926000511678
85,0.0001,0.45102609243864816,0.03139097321400186,0.0,0.020158226703642868,0.000893080478211535,0.08571611519437283,0.31286769538807374,2.0522065390990862
86,0.0001,0.4499015463516116,0.029157645236409735,0.0,0.019742940083233407,0.00089302766923538,0.08412605231084551,0.315981881848226,3.9398860723942857
87,0.0001,0.4503985258440177,0.030610068339835077,0.0,0.020003916581723995,0.0008878104448134158,0.08589322422631085,0.3130035058905681,2.1540299101026106
88,0.0001,0.4444662166448931,0.029378638144407887,0.0,0.01919804624048993,0.0008880897244883575,0.08384195010876283,0.3111594917718321,5.019535643657418
89,0.0001,0.4444478480145335,0.02974689988938432,0.0,0.019378634976116398,0.0008913155689545723,0.08393706856683518,0.31049393109666806,2.0684990139780184
90,0.0001,0.44504000432789326,0.029305519371215876,0.0,0.019813554864716327,0.0008842617104013092,0.08354823002203678,0.31148843676783144,3.146615215130168
91,0.0001,0.4437584687645237,0.029412859805840224,0.0,0.0193305637743227,0.0008988258271832213,0.0831191328082544,0.31099708440403145,2.127380850797415
92,0.0001,0.4381809385182957,0.029065589282254223,0.0,0.0192254948427338,0.0008848007676836763,0.08239169154937069,0.3066133613853405,3.799421403134148
93,0.0001,0.43998931301757693,0.02906228342423371,0.0,0.01901032253469263,0.0008854690574177463,0.08355846725559483,0.3074727716545264,2.1834749310625585
94,0.0001,0.44130804870898527,0.028497607781901024,0.0,0.019089681650560426,0.0008897159383802015,0.08227808324348491,0.3105529596408208,2.203926687728653
95,0.0001,0.44043325384457904,0.028843629525605746,0.0,0.018728421232178032,0.0008883309195274099,0.08384328321941818,0.3081295886076987,2.925579079614733
96,0.0001,0.43413915500665706,0.029019422237373266,0.0,0.018225303488482798,0.0008812380428177372,0.08230645993414025,0.3037067304830998,2.153735022897714
97,0.0001,0.43937415334706503,0.029647634522310302,0.0,0.018858348728826968,0.0008841397464038891,0.08000092183162148,0.3099831101329376,3.097607665412876
98,0.0001,0.4347257094147305,0.027164054910826962,0.0,0.018529723625154777,0.000883892312382765,0.0812442233436741,0.30690381544021267,2.0797053247707704
99,0.0001,0.43129089071104926,0.027295267149990348,0.0,0.0181822762072746,0.0008889409452876862,0.07935133998398669,0.30557306685174507,2.628478337287478
100,0.0001,0.4288144772872329,0.026956757429919282,0.0,0.018421197523518156,0.0008820508069220523,0.07892377424286678,0.3036306985498716,2.4556368968710736
101,0.0001,0.4329157172081371,0.028931745985270634,0.0,0.018379409962411348,0.0008801760220649157,0.07946718264914428,0.30525720173803467,2.7868117928213203
102,0.0001,0.42616194936757285,0.02685934723073539,0.0,0.018361257723881863,0.0008850498218180292,0.07961438140288617,0.30044191066796583,2.353965050526525
103,0.0001,0.4369035226603349,0.029276960637313703,0.0,0.01908986950123411,0.0008746747766205468,0.07925614349854489,0.3084058740641922,8.227045695560701
104,0.0001,0.43303056216488284,0.02878700118768999,0.0,0.018259026706800796,0.0008780033287318171,0.07927451274978618,0.30583201892053086,2.1138378729759637
105,0.0001,0.42550487893943983,0.025885559945891146,0.0,0.018171170639107004,0.0008800639305566923,0.07856193615589291,0.3020061490436395,2.8573054136309577
106,0.0001,0.42909222686042386,0.028193624450068455,0.0,0.01864919892977923,0.0008782848266643365,0.07748287169185157,0.3038882471155375,2.312339526073423
107,0.0001,0.4238786037700872,0.026298166058647137,0.0,0.018287598970346153,0.0008824907153363407,0.0773087490524631,0.3011015991214663,2.7054798830365296
108,0.0001,0.4257639735005796,0.027771161527198274,0.0,0.01770951044818503,0.000875338033438311,0.07648893001411732,0.3029190340700249,7.586163717143538
109,0.0001,0.42274912586435676,0.026927431316532118,0.0,0.01828876083648841,0.0008708125414311022,0.07593554357299581,0.3007265782604615,2.9572727052213508
110,0.0001,0.4292823568296929,0.02852386150091964,0.0,0.018138065474583225,0.0008714609729546888,0.07765809722089519,0.30409087256218,1.9888712878795753
111,0.0001,0.4186923059945305,0.024613690925131475,0.0,0.017414853487328703,0.0008749124732882289,0.07636018791041958,0.2994286614314963,3.7366386263925953
112,0.0001,0.4153604280824463,0.026565115402869804,0.0,0.01715114840772003,0.0008715311025753181,0.07491715168968464,0.2958554814880093,2.846311971573326
113,0.0001,0.4260941226966679,0.0274994715534073,0.0,0.018099770833941875,0.0008742061741031648,0.07610588804042588,0.30351478497808176,2.0903829116530908
114,0.0001,0.42133917519822717,0.027614873489559006,0.0,0.017994730825497147,0.0008770393928898557,0.07452241912445363,0.3003301130762945,4.203165124798862
115,0.0001,0.4153050758565466,0.02630878378355798,0.0,0.017290889842115575,0.0008720970333039683,0.075646674677652,0.2951866288203746,2.2811481176421227
116,0.0001,0.42300044776250917,0.027209802054130705,0.0,0.01784362567923381,0.0008774654261287651,0.07684579582807298,0.30022375999639433,4.313466367714915
117,0.0001,0.41713323490694165,0.027454465627670288,0.0,0.01718586312684541,0.0008702682772157763,0.07404897086477528,0.2975736672524363,2.355102718302383
118,0.0001,0.4228116845091184,0.02763756298008957,0.0,0.017860142772406107,0.0008689081694986575,0.07529805501690134,0.3011470162309706,2.846175735969117
119,0.0001,0.41660312889143825,0.02588195912782491,0.0,0.01820804279971829,0.0008670879738019721,0.07379714865237474,0.29784888999226194,2.617156746065509
120,0.0001,0.41913375242923695,0.02721279110968074,0.0,0.01722972415397332,0.0008650065264343235,0.07425083131723416,0.29957540007308125,2.218106299312964
121,0.0001,0.4142524419973294,0.02586168917332543,0.0,0.01737446633342188,0.0008665132606893167,0.07483966946407843,0.29531010209272307,8.985351083115555
122,0.0001,0.41464570149158436,0.02541336350623169,0.0,0.017058682802598923,0.0008654397634776009,0.07436169459833764,0.29694652076189715,3.267289969176858
123,0.0001,0.4149413228345414,0.02593846271580939,0.0,0.017220230080662684,0.0008673671988314405,0.07374922839032176,0.29716603465688723,2.111096974396588
124,0.0001,0.4194055221353968,0.02607847257483324,0.0,0.01771321134462293,0.000870342775821579,0.07377137245687966,0.3009721216900895,5.725861917727895
125,0.0001,0.4172980041864018,0.025425792062984936,0.0,0.017536128873568185,0.0008663154323282166,0.07382178958505392,0.29964797648911673,4.257637489728312
126,0.0001,0.40909989674886066,0.02456376390910009,0.0,0.017051518082250066,0.0008651733550474697,0.07305648427184981,0.2935629573184997,36.99169104164727
127,0.0001,0.41172355553135276,0.024189514867127098,0.0,0.01709112638733738,0.0008665165271395381,0.07368316208400454,0.2958932363738616,14.168580444597142
128,0.0001,0.41362072589496773,0.027089961395783273,0.0,0.017346105711718945,0.0008648163754211661,0.07345853165800993,0.294861310472091,2.4216035924082435
129,0.0001,0.4148475853726268,0.026561360521251725,0.0,0.017557205000533333,0.0008615747325772342,0.0722309476210891,0.29763649807622033,2.721221409788049
130,0.0001,0.40489678845430416,0.02432772052634391,0.0,0.016361311410340324,0.0008659820976693785,0.07181843141249071,0.29152334256408113,2.2384372145365496
131,0.0001,0.40548183691377443,0.024418189991896117,0.0,0.01610782636028792,0.0008643032222153124,0.07085437361577836,0.29323714482598007,2.579996198396394
132,0.0001,0.40497788693755865,0.024095413219280697,0.0,0.016539063154292915,0.0008597695951569525,0.07100813413853757,0.2924755068185429,2.7803750936108176
133,0.0001,0.40214060914392274,0.023990685180857934,0.0,0.01617541280090033,0.0008630077469812628,0.07075337588321418,0.29035812756046653,5.3182256769516165
134,0.0001,0.4056685025182863,0.02570980218418602,0.0,0.016557935033536825,0.000858842631942025,0.07116340757541668,0.29137851445314783,2.498786084705316
135,0.0001,0.4071908636639516,0.024863997629533213,0.0,0.01644436137454856,0.0008599793959547242,0.07088425181185205,0.29413827570776147,13.708572610921511
136,0.0001,0.40494253889967996,0.02455164335575925,0.0,0.016636185396540288,0.0008584743210728144,0.0703172571278022,0.29257897784312564,2.124178256462345
137,0.0001,0.4007493373937905,0.023371508027291082,0.0,0.016030461568637595,0.0008578583098521145,0.07043776218779385,0.29005174587170285,2.735806798866716
138,0.0001,0.399425586219877,0.023575733031369357,0.0,0.01624736784045429,0.0008585361651209192,0.06955130530210833,0.2891926444911708,2.8547492235476266
139,0.0001,0.4098747158423066,0.025936981903214473,0.0,0.017056020093150437,0.0008603637750942047,0.06967911075723048,0.2963422394823283,2.226846556037754
140,0.0001,0.4051604567406078,0.023699061794710968,0.0,0.016620682140152592,0.0008528726993214756,0.0700234020090041,0.2939644369762391,2.4099088458782703
141,0.0001,0.3999880033855637,0.02357420383123099,0.0,0.016262279606356362,0.0008590367219767359,0.06964017635133739,0.28965230712977547,2.8145422720742928
142,0.0001,0.40018265896166366,0.023986537111341022,0.0,0.01587402149865132,0.0008594795508543029,0.07001545262755826,0.2894471681211144,4.369542764787983
143,0.0001,0.4005630885561307,0.024679318219568813,0.0,0.016232557218851678,0.0008504451861123622,0.06858549655104677,0.29021527074898285,2.5362370231097477
144,0.0001,0.4030461477426191,0.024175161007102968,0.0,0.016366560292226495,0.0008548457735741977,0.06972804208635353,0.29192153830081224,3.5595716023068062
145,0.0001,0.3964547112894555,0.0233430895411099,0.0,0.0157215035748474,0.0008535222532373155,0.06903506373055279,0.28750153196354705,5.358669961483479
146,0.0001,0.3988876333460212,0.024214449387121324,0.0,0.015858944587913964,0.0008538366863225141,0.0690629007294774,0.28889750332261127,2.056799519384195
147,0.0001,0.4003492312816282,0.023755120038307116,0.0,0.016406453099383118,0.0008576503602550171,0.0681400596901464,0.291189948329702,15.623281379079275
148,0.0001,0.39210775944714743,0.022726375576894497,0.0,0.015359438273056488,0.0008488625383809753,0.06870969201554544,0.2844633898542573,11.186328559644162
149,0.0001,0.39755980934326846,0.024551511130994186,0.0,0.01609114126889229,0.0008511910587761425,0.06858179850193362,0.2874841660571595,8.178043596753396
150,0.0001,0.3976724891302486,0.023117928325518733,0.0,0.015950205797707895,0.0008500599406033871,0.0683879155064157,0.2893663790697853,2.2514482309050945
151,0.0001,0.38855474069714546,0.022145832943351706,0.0,0.015281871065477995,0.0008498780278690296,0.0674103402319209,0.28286681945125264,4.825354458998314
152,0.0001,0.4037311390663187,0.025002072111722857,0.0,0.016589014789739547,0.0008498655280770132,0.06799969228450209,0.29329049478595454,2.30324442274979
153,0.0001,0.39576481220622856,0.023152141891235562,0.0,0.015606418955333842,0.0008463161042679227,0.06753916594122227,0.28862077013279,3.9705773930426234
154,0.0001,0.39381982820729416,0.02281158062639103,0.0,0.01583659120175677,0.0008509968604357709,0.06724141267477535,0.28707924648188055,2.6322659301679745
155,0.0001,0.4009500212656955,0.02536000031007764,0.0,0.016520370875999408,0.0008507585594088596,0.06895027303835377,0.2892686165093134,2.378848791092888
156,0.0001,0.39279002230614424,0.02229261016933985,0.0,0.015546712410772065,0.000849396072832557,0.06736702121755418,0.2867342825823774,3.0057241903122573
157,0.0001,0.3950332487002015,0.02258485371567076,0.0,0.0157972560179284,0.0008507486473566436,0.06701990329505254,0.28878048675445217,4.57887124853683
158,0.0001,0.3860442757916947,0.021718072422421148,0.0,0.015209548622806324,0.000845094785593877,0.06603880876597638,0.28223275230266154,3.7625928606575685
159,0.0001,0.39449537824839354,0.022987849638108553,0.0,0.015547223601364143,0.0008570649160143754,0.0666074249020312,0.28849581504861516,5.065191011705341
160,0.0001,0.3911742642521858,0.023124319629763097,0.0,0.015569888613147972,0.0008451394721760153,0.0656178970336138,0.28601701743900776,2.2296095529804143
161,0.0001,0.3888548164007564,0.021956127252148388,0.0,0.015252716772617228,0.000851090638510262,0.06594691443994331,0.28484796825796366,2.6832455972472427
162,0.0001,0.3938136538490653,0.023622624772542622,0.0,0.015594822701435382,0.0008442071417296878,0.06659370187359552,0.28715829822855693,4.741345601114933
163,0.0001,0.3943729451857507,0.023598345265781973,0.0,0.015884368384528596,0.0008418870875175344,0.06609782592083017,0.28795051923952997,6.434419668828041
164,0.0001,0.3848798748416205,0.021591796100741096,0.0,0.014837826376606245,0.0008415068492316399,0.06493640715295139,0.2826723367131005,2.299416512082759
165,0.0001,0.38408645521849394,0.021935302937587647,0.0,0.014944541888932386,0.0008439742668997496,0.06484396879871686,0.2815186682467659,4.110074558174035
166,0.0001,0.3883029967546463,0.02148252640957556,0.0,0.015248415159779446,0.0008454856121412982,0.06558265779555465,0.28514391106242937,102.87972615062914
167,0.0001,0.3824046857965489,0.02132875247237583,0.0,0.014774215642925507,0.0008420064729458924,0.06409850272272404,0.2813612073659897,3.662416671177603
168,0.0001,0.3853410476197799,0.02267883426975459,0.0,0.015194693746404178,0.0008383002849162343,0.06498582658241503,0.2816433934494853,6.151729253865402
169,0.0001,0.3856742735952139,0.02234248632157687,0.0,0.014951864764346586,0.0008437545915664183,0.06429050424291442,0.28324566408991814,2.388502681293101
170,0.0001,0.3904430127392213,0.022690970176578656,0.0,0.015410097435960779,0.0008404278394967454,0.06460503774966735,0.2868964799369375,5.163981245688833
171,0.0001,0.38380656057658297,0.02116483596910257,0.0,0.014801622686112145,0.000841513913807527,0.0656766398169566,0.2813219490150611,2.325708068583539
172,0.0001,0.38784534282361466,0.021410076131966587,0.0,0.01502030707342783,0.0008444466246449641,0.0662786343600601,0.28429187810979784,9.612141056839981
173,0.0001,0.387215091381222,0.02326017125111927,0.0,0.015157330908550648,0.0008364536496780298,0.06443477759603411,0.2835263569528858,2.512466796433973
174,0.0001,0.3808514252305031,0.021300624285989517,0.0,0.014724107918785498,0.0008391034627948102,0.06448705253812174,0.279500537008668,3.6757519132521836
175,0.0001,0.3803725731559098,0.021006018741900334,0.0,0.014737109861016506,0.0008419282360137004,0.06324408806782837,0.28054342869048315,6.2399198231506725
176,0.0001,0.38845850713551044,0.02234506308620136,0.0,0.015087618402806887,0.0008342263887849791,0.06453104910906404,0.2856605516280979,4.141322967454326
177,0.0001,0.38471904769539833,0.021986256038265612,0.0,0.014913198717598183,0.0008395163533805317,0.0633871707347377,0.28359290460745495,9.777553119291774
178,0.0001,0.38111662212759256,0.02152266159343223,0.0,0.015059301870981775,0.0008376936226947388,0.06351213461797063,0.2801848315478613,4.050838799415472
179,0.0001,0.3857428668998182,0.02315764756349381,0.0,0.01550117356115758,0.0008392960739911359,0.0637547474858972,0.2824900023794423,4.360779890410119
180,0.0001,0.37853935950746137,0.02173493292866624,0.0,0.01503756556242782,0.0008395532868235023,0.06352314909842487,0.2774041591522594,5.984408945062378
181,0.0001,0.38137028956164915,0.021604978837179562,0.0,0.014895733871526318,0.0008373710221955358,0.06394631483514483,0.2800858912523836,4.289269116149181
182,0.0001,0.38239390139157575,0.021133086556801572,0.0,0.01482152952303295,0.0008339740647140085,0.0648976211862949,0.28070768907976645,2.871374191357222
183,0.0001,0.37857329845428467,0.02045033558169962,0.0,0.01435382227767453,0.0008366087957559406,0.06236796479788609,0.2805645664532979,2.631080850888555
184,0.0001,0.3843624667885403,0.02254441092979202,0.0,0.01485566181994121,0.0008354875074019219,0.0632200296386145,0.2829068770321707,3.706842942382506
185,0.0001,0.3773438911885023,0.02112973588979609,0.0,0.014725359998313555,0.0008351513423197806,0.06312365848377037,0.2775299868856867,2.539035470404134
186,0.0001,0.3814004282467067,0.022147654710958403,0.0,0.01507750933888019,0.0008352856016244914,0.0628221828083042,0.2805177967529744,8.234393964826486
187,0.0001,0.38566261374702054,0.024509292263246607,0.0,0.015061425302216472,0.0008314359577828631,0.06230829124494145,0.2829521685683479,2.4310478551710326
188,0.0001,0.3751684570064147,0.020914514074926654,0.0,0.014397584989637835,0.0008304208352001297,0.06112708278427211,0.2778988559730351,6.3364410808851055
189,0.0001,0.3824801033673187,0.021874219133072376,0.0,0.01482431399684477,0.0008319592683771285,0.063021363147224,0.28192824862586957,23.634309222336665
190,0.0001,0.3778694961220026,0.022239082359495416,0.0,0.014489778644929174,0.0008338960362834769,0.06201922002946958,0.2782875193903844,3.3394101472006694
191,0.0001,0.3784489322764178,0.021005928315086447,0.0,0.014380156320839887,0.0008301251825741929,0.06277802665135823,0.2794546967682739,4.592838639771382
192,0.0001,0.374321255988131,0.020851334656375304,0.0,0.015132729587397383,0.0008351222293943769,0.06342003032720338,0.2740820388620098,3.258142341852399
193,0.0001,0.37835742672905326,0.021250070200039772,0.0,0.014521037467299417,0.0008355480995305697,0.06170844845473766,0.280042322507749,4.167679115638022
194,0.0001,0.3748294892720878,0.020404004658,0.0,0.014512780755467247,0.0008299335330169318,0.061433478947340824,0.27764929093730945,2.52029713750481
195,0.0001,0.38079220910246175,0.021331653761687146,0.0,0.01464599328028271,0.0008313624827375558,0.062434314944160484,0.2815488837659359,3.43676105688677
196,0.0001,0.37138985097408295,0.02088952250536143,0.0,0.014305634240978785,0.0008303064084884682,0.060226975057351716,0.27513741290507215,5.003701522937424
197,0.0001,0.3772976727535327,0.022055896389550373,0.0,0.014940942811032679,0.0008367553192935399,0.06220998648980943,0.2772540906444192,6.600340608487028
198,0.0001,0.3703759014606476,0.020433958218442665,0.0,0.014087043760810047,0.0008266999849790105,0.061618227569852024,0.2734099719673395,2.696317742289855
199,0.0001,0.3758987174369395,0.021158394890032167,0.0,0.014326920136227272,0.0008240763762993689,0.06077664787881076,0.278812678065151,4.348778551819144
200,0.0001,0.37360007657359046,0.020008957758060813,0.0,0.014346685136843007,0.0008288337457239928,0.06181103452884903,0.27660456524851423,3.387658381014314
201,0.0001,0.37422243505716324,0.02116404972912278,0.0,0.014301219105012327,0.0008296073347082711,0.06070553588991364,0.2772220225694279,4.5594205512404296
202,0.0001,0.3658338413418581,0.019411181559310837,0.0,0.013828173129392477,0.0008264129711127074,0.06007367079534257,0.2716944021328042,2.612936589426548
203,0.0001,0.37570437012861174,0.021373733724127913,0.0,0.014841137987483913,0.0008249364754343939,0.06133737899169015,0.2773271823922793,2.283794230421485
204,0.0001,0.3726350834282736,0.02098548713668909,0.0,0.014557673477005059,0.0008303071961866711,0.05984176539156275,0.2764198488245408,5.306756506849295
205,0.0001,0.3740722745812188,0.02128545425997193,0.0,0.014517010120471241,0.0008265075085394832,0.06159768285579048,0.27584561977225047,8.682779813936149
206,0.0001,0.3716620019792269,0.020830021427779382,0.0,0.01398613364532745,0.0008264352640405074,0.060877209344956405,0.27514220339556533,3.2211939940500214
207,0.0001,0.37260605581104755,0.019553207592252875,0.0,0.014277157585941799,0.0008287497899649073,0.06036532330714787,0.27758161754657823,308.94102600348197
208,0.0001,0.3702095104381442,0.02087950686958114,0.0,0.01393476275188732,0.0008204883574004876,0.060301984718535095,0.2742727674388637,12.340141830642539
209,0.0001,0.3712565281117956,0.020967455149123754,0.0,0.013888874326463943,0.0008229715313063934,0.06051751318348882,0.2750597147581478,5.7712547567418175
210,0.0001,0.3665040316991508,0.020627896552468883,0.0,0.013965387902620327,0.0008230313495308413,0.060072544671129435,0.2710151701855163,3.7825305173932757
211,0.0001,0.3665447101617853,0.0197544939085977,0.0,0.013613359982021697,0.0008289224399504747,0.05977582712269699,0.27257210621610284,4.621018006615968
212,0.0001,0.36710349066803855,0.02073402842628032,0.0,0.013615728743995229,0.0008189860805032367,0.058763730737458296,0.27317101748970646,2.4280243598016056
213,0.0001,0.3656704914756119,0.020855571803015966,0.0,0.013721632272790885,0.0008236886869781301,0.05896147758661149,0.2713081218923132,3.1579491358122618
214,0.0001,0.368216204456985,0.019842777984498145,0.0,0.013706300588334367,0.0008265527844741882,0.06008062210942929,0.2737599515045683,6.916914978640917
215,0.0001,0.36843618261627853,0.020519233671317732,0.0,0.014006201203301316,0.0008324987146958543,0.05876464723648193,0.2743136037606746,7.419561286899608
216,0.0001,0.36918025425014395,0.01963675492394638,0.0,0.013784355755584935,0.0008270512733664267,0.05914391292996394,0.27578817975396913,3.434946628799902
217,0.0001,0.36749851269026595,0.019450543538065784,0.0,0.0140729951041673,0.0008240401264932492,0.05855984505615197,0.2745910883725931,2.7906872174522626
218,0.0001,0.36856270069256425,0.019960217637465878,0.0,0.013742172968098506,0.0008222278919068534,0.05947606632253155,0.2745620178369184,6.148436231103582
219,0.0001,0.3654628391377628,0.02043190443752489,0.0,0.014243491178300852,0.0008213360186649273,0.05840575778468823,0.2715603491136183,4.852563748164757
220,0.0001,0.3745215339586139,0.02266341464201105,0.0,0.014481055021557646,0.0008264064263130422,0.05921150692544567,0.27733914949931204,5.9952792686885275
221,0.0001,0.3648893676387767,0.019819523840851616,0.0,0.013630855772741294,0.0008193237493590763,0.05802586644616289,0.27259379827106994,4.002194080768701
222,0.0001,0.36504970397800207,0.019858344071205163,0.0,0.013678226999521334,0.0008225108881561027,0.05856150509983612,0.27212911611422896,3.8572202541463403
223,0.0001,0.3666931878930579,0.019089720916478353,0.0,0.013552303322891627,0.0008206435503173756,0.059113309282111004,0.2741172113455832,2.3312310102182243
224,0.0001,0.36993265664204955,0.020585544923960697,0.0,0.013762992929817605,0.0008182368896996195,0.05793103319592774,0.27683484662945074,5.220025512185809
225,0.0001,0.36112723460731405,0.020264933330812102,0.0,0.013523214656743221,0.0008124374170771868,0.05741370933052773,0.2691129383941491,2.4514013935257735
226,0.0001,0.3611904977976034,0.01927474252928126,0.0,0.013375093220626392,0.0008195765815344203,0.05871539862710051,0.2690056875968973,3.371248034802066
227,0.0001,0.36529105886196095,0.019956548038559657,0.0,0.013699920051294612,0.0008181354691411494,0.058658031843757875,0.2721584242147704,14.415432067872592
228,0.0001,0.36450079968199134,0.01913055490149418,0.0,0.01335393533857617,0.0008194624515454052,0.058834821179819606,0.27236202692923445,7.371646513221735
229,0.0001,0.3621344221755862,0.019327575726492796,0.0,0.01348726921302538,0.0008171850683993398,0.05774470067505414,0.27075769069294137,8.56347056323172
230,0.0001,0.36075817529732984,0.01942241846457667,0.0,0.013290486830859058,0.0008212238377230582,0.05725151022973781,0.2699725354711215,5.74637283528411
231,0.0001,0.36088127790329355,0.019491307894592563,0.0,0.013451611775963102,0.0008153245883022464,0.05679531425509291,0.27032771970455843,4.950266014170345
232,0.0001,0.3616452533751726,0.019729788384817464,0.0,0.013203018107257472,0.0008137304170456142,0.057896550657460466,0.27000216658537585,2.7793309393275534
233,0.0001,0.36158271754781407,0.01876638654357521,0.0,0.013398429950029822,0.0008137092218779193,0.057562216446967795,0.27104197566707927,3.768755055636435
234,0.0001,0.36091286727848154,0.019530104467169924,0.0,0.013361715494587164,0.0008171917168056098,0.05777869958546944,0.26942515683670837,38.1404725152882
235,0.0001,0.3570957782988747,0.019575083948438987,0.0,0.013125333964126185,0.0008201486014816813,0.05637995388436442,0.2671952572806428,4.442139517835753
236,0.0001,0.3640728355385363,0.020339352384326048,0.0,0.013723001042914499,0.00081798344907232,0.05792504409328103,0.27126745305334526,2.463492417874954
237,0.0001,0.3593202531337738,0.01897741230034929,0.0,0.013271253655451195,0.0008131246841761216,0.05693858601928999,0.2693198767956346,3.7759016072885756
238,0.0001,0.3592900753331681,0.01902040337275442,0.0,0.013388895843187735,0.000814521827654365,0.05703848817696174,0.2690277653746307,9.179291230010039
239,0.0001,0.3610406323180844,0.018921138219108496,0.0,0.01316588219924597,0.0008174769189584671,0.056940551973336063,0.2711955818037192,2.5848571633960122
240,0.0001,0.3623103244851033,0.01969761908791649,0.0,0.013595083570786906,0.0008123562278494015,0.05743109682225622,0.27077416811759275,4.944075730590544
241,0.0001,0.3625579606741667,0.019422223963677727,0.0,0.013491924791499818,0.0008164121007515254,0.05786526037263684,0.27096213881547254,2.855490367994679
242,0.0001,0.35912807285785675,0.018789668078776838,0.0,0.013008118853273723,0.0008173859456140539,0.056186045869253576,0.2703268536521743,3.5101464182627837
243,0.0001,0.3583355851005763,0.01939318296839095,0.0,0.013404015437117778,0.0008148160517672901,0.05657256928194935,0.2681510012286405,23.54957510810344
244,0.0001,0.3543957071378827,0.019041713698243257,0.0,0.012986881298274966,0.0008079655728276217,0.055636121144440644,0.2659230250089119,2.3368874265800885
245,0.0001,0.35868158796802163,0.018739694800994283,0.0,0.013404292397657022,0.0008140555931580215,0.055274987020917855,0.2704485565579186,4.632268155025384
246,0.0001,0.35510013562937576,0.01912222883644669,0.0,0.013589418376795948,0.0008117962414265397,0.05540502908600805,0.2661716643876086,2.415368388625283
247,0.0001,0.35161267950509983,0.01847086177197828,0.0,0.012926807732583256,0.0008123201180296746,0.05611115478677675,0.2632915350453307,3.3006385085899668
248,0.0001,0.35005592244366807,0.01740617136238143,0.0,0.012484934891593488,0.0008109337211408274,0.056186635735988,0.2631672465552886,7.33064840766247
249,0.0001,0.35195481358096004,0.018190963555146784,0.0,0.012744358957206714,0.0008080032472814006,0.055071917498329036,0.26513957100299496,2.6868467443084065
250,0.0001,0.3563753484437863,0.019171645983684964,0.0,0.013211452611964583,0.0008129647546108268,0.05662856520696854,0.2665507193499555,3.2929431573416967
251,0.0001,0.3556361012160778,0.019278861002627917,0.0,0.013184919525277413,0.0008099337039766397,0.055467133138639234,0.26689525274559855,2.2104995899273354
252,0.0001,0.34728789515793324,0.017574028501258,0.0,0.012629125481907977,0.0008093700798023443,0.055455820043183245,0.2608195519230018,3.952851561171729
253,0.0001,0.35627622917915386,0.018752093202541193,0.0,0.013229940318221148,0.0008087666862290158,0.055759367445716634,0.2677260614776363,4.985239524378855
254,0.0001,0.3530709072947502,0.017615485592007946,0.0,0.012859725146578663,0.0008089545177275189,0.05563663635014867,0.2661501065207024,2.3680427011678375
255,0.0001,0.3511078697629273,0.01874199222099075,0.0,0.012670370659179753,0.0008061687265126238,0.05573165195528418,0.26315768645145,5.5594096017075945
256,0.0001,0.3529440773030122,0.018873220405415243,0.0,0.01289272562644328,0.0008068400097727135,0.05595818430689784,0.26441310765221715,5.8971302078479315
257,0.0001,0.35205878542425734,0.018704185843186377,0.0,0.01283903807901273,0.0008087186818102055,0.05489855118018264,0.2648082928887258,3.18363599331606
258,0.0001,0.35348071188976365,0.019146230194261687,0.0,0.012971063716880357,0.0008146663896392662,0.05485948311009755,0.26568926870822906,2.2931355549613595
259,0.0001,0.3550121400815745,0.018612360649664577,0.0,0.013225513740811342,0.0008111441494899433,0.054364179755793884,0.2679989413979153,3.02660661608812
260,0.0001,0.3564972543778519,0.019956992016280612,0.0,0.013389744057349162,0.0008096781147438984,0.05593554705653029,0.26640529356275994,2.9389350507160565
261,0.0001,0.348258497659117,0.017746820055132655,0.0,0.012693431075604167,0.0008083153747975302,0.05467912414072392,0.2623308066589137,4.12832636547978
262,0.0001,0.35242840166514117,0.01939621702816415,0.0,0.01308721637663742,0.0008051538150084525,0.055069694227616615,0.26407012017443776,3.41859413752315
263,0.0001,0.3459657172206789,0.0176618245265369,0.0,0.01233581459018751,0.0008062500536046476,0.05433410623421272,0.2608277225711693,3.6839503677559846
264,0.0001,0.3590011624619365,0.02016662981986883,0.0,0.013859934378463853,0.000806559365476763,0.05561944425183659,0.2685485943996658,2.9482828206516545
265,0.0001,0.34982480263958377,0.018965129824209725,0.0,0.012825599021501452,0.00080928121406032,0.05445578535242627,0.2627690063479046,4.375666051691813
266,0.0001,0.3506669101770967,0.01866436815544148,0.0,0.012847175871380992,0.000806871217112833,0.05416242959715115,0.2641860661096871,4.515585589703885
267,0.0001,0.35633777392407257,0.019735538053888984,0.0,0.013187918362139802,0.0008066127296994333,0.05426887606154196,0.2683388285028438,10.548174976294533
268,0.0001,0.3487845954174797,0.01812894688070325,0.0,0.012624200894303309,0.0008049227040676973,0.05452834168681875,0.2626981840003282,33.6715907464857
269,0.0001,0.35129462120433647,0.01865040035166506,0.0,0.013217550034217615,0.000807842743445993,0.05397122690919787,0.2646476010947178,4.045656088985113
270,0.0001,0.34760787058621645,0.01767779805716903,0.0,0.012272842795937322,0.0008059967240114929,0.05359392501607848,0.26325730769895017,2.143640558989691
271,0.0001,0.3531476971693337,0.017997569075911695,0.0,0.012640486520467675,0.0008070795380111425,0.05431183989276178,0.267390720701466,3.184442786864374
272,0.0001,0.34753629355691373,0.017613952441024594,0.0,0.012405555543712884,0.0008099949347979418,0.05284099762017528,0.26386579296862084,8.309610034002722
273,0.0001,0.35320588597096503,0.01935668480655295,0.0,0.012866272678365931,0.0008043821941707089,0.05446823738748208,0.2657103093806654,2.952574460987586
274,5e-05,0.35135302351166803,0.019058393823797815,0.0,0.012767461140659483,0.0008015332229357833,0.05424195117666386,0.26448368389780325,3.6724747302100695
275,5e-05,0.3346120211451004,0.016745086355513195,0.0,0.011512355248366172,0.0007982440720297745,0.05138119781622663,0.25417513827172417,4.141229000583025
276,5e-05,0.3352528928468625,0.016838316316958906,0.0,0.011545517975415956,0.0007995503946555497,0.05101306356179217,0.2550564429257065,4.139021537133462
277,5e-05,0.33491281094029546,0.016687499559338903,0.0,0.01141654027014738,0.0007984786905884297,0.05004031473072246,0.25596997848091024,3.677359927036505
278,5e-05,0.33627719098391634,0.017712961472473882,0.0,0.011971419574668593,0.0007998218588909367,0.04955210522166453,0.2562408827555676,3.0162073348259533
279,5e-05,0.3397282811347395,0.01670456339343218,0.0,0.011656796912575373,0.0007995039676037171,0.04959433488935853,0.26097308037181693,8.889976952952228
280,5e-05,0.33282207247490686,0.01636542178190818,0.0,0.011261531117270351,0.0007969176462362763,0.04953468453216677,0.25486351759172976,2.04553300504168
281,5e-05,0.33053735240052146,0.015966645091490744,0.0,0.011357994083179316,0.000798279982745953,0.04929142961433778,0.2531230029805253,3.5034660153024775
282,5e-05,0.335546056041494,0.01689160734046406,0.0,0.011618929365795339,0.0007968660834194452,0.04974787739532379,0.2564907776347051,9.7458010647411
283,5e-05,0.3367187373029689,0.017215949793656666,0.0,0.011747732703952352,0.0007997390027867368,0.04936048841530768,0.25759482725212973,3.392869530081219
284,5e-05,0.3326717661693692,0.016331639809019787,0.0,0.011347960033162963,0.0007940601646320525,0.04889278966584243,0.2553053169200818,4.342344321711015
285,5e-05,0.3359438638823728,0.017438086881156778,0.0,0.01168702993406138,0.0007989399756146062,0.049108344877216346,0.2569114632594089,2.4705364533318623
286,5e-05,0.3304871846921742,0.01616809150436893,0.0,0.011272472689597635,0.0007968772157861773,0.04891846007861508,0.2533312836506714,4.348492498055788
287,5e-05,0.32843796513043344,0.01614004416357299,0.0,0.011016973721173903,0.0007994916830587803,0.049072858363312356,0.25140859621266526,4.4237864772042075
288,5e-05,0.3315654731510828,0.016171697422881454,0.0,0.011236467032479899,0.0007959115437946215,0.04903429302309329,0.25432710310754675,3.0255275132109993
289,5e-05,0.33421437985574204,0.01690473546962797,0.0,0.011891731603100197,0.0007959101333957127,0.04899062533513643,0.25563137776528794,2.107215107913219
290,5e-05,0.33191584904367727,0.016380921832023887,0.0,0.011295423828414641,0.0007939595702737279,0.04913721941799546,0.25430832461764413,10.065121986136022
291,5e-05,0.3270642275456339,0.01607323890857515,0.0,0.01101358770635367,0.0007958753478002715,0.04844239630619995,0.2507391298810641,6.080804182065534
292,5e-05,0.32960039338407415,0.015912009517099552,0.0,0.01096397259728595,0.0007940650818151577,0.04872221657812285,0.25320812966674566,2.5171525827213745
293,5e-05,0.32822427378656965,0.015595891917958701,0.0,0.01119522067165235,0.0007930894720781604,0.04881094124478599,0.25182913003178936,4.736924434230824
294,5e-05,0.3293966103810817,0.016310362992953742,0.0,0.01130563785106157,0.0007949112274066769,0.048392684053396806,0.2525930143116663,2.142441220248147
295,5e-05,0.3314029512306054,0.01606275013909908,0.0,0.011141064500407083,0.0007955385791926043,0.04791187138956351,0.25549172633327544,2.833029364452205
296,5e-05,0.32918982456127804,0.016580360070899285,0.0,0.011244996589084622,0.0007939659982791151,0.04826458000267545,0.252305921788017,5.048202162988433
297,5e-05,0.32956377207301557,0.01585963507750421,0.0,0.011278656696352604,0.0007949580016581118,0.048571010265732184,0.25305951161620516,12.774139543923935
298,5e-05,0.3269264684058726,0.015896224527144415,0.0,0.01111225523345638,0.0007942793163238093,0.04864664962709261,0.2504770600547393,2.0311629056380784
299,5e-05,0.32911296794191003,0.016369137740791,0.0,0.011343997988054374,0.0007979698076875744,0.04908032581442967,0.25152153545059264,2.7851533371192896
300,5e-05,0.3285116422145317,0.015922506145822506,0.0,0.0111461004926241,0.0007935163847984464,0.04791110300963434,0.2527384161173056,3.37346760844383
